ISO-10303-21;
HEADER;
/*Generated by software containing ST-Developer
 * from STEP Tools, Inc. (www.steptools.com) 
 */
/*OPTION: using custom renumber hook */
/*description */
/*implementation_level */
FILE_DESCRIPTION(('STEP AP242 Edition 2','STEP AP242 Edition 2''CAx-IF Rec.Pracs.---Representation and Presentation of Product Manufa
cturing Information (PMI)---4.0---2014-10-13','STEP AP242 Edition 2''CAx-IF Rec.Pracs.---Representation and Presentation of Product Manufa
cturing Information (PMI)---4.0---2014-10-13''CAx-IF Rec.Pracs.---3D Tessellated Geometry---0.4---2014-09-14','STEP AP242 Edition 2''CAx-IF Rec.Pracs.---Representation and Presentation of Product Manufa
cturing Information (PMI)---4.0---2014-10-13''CAx-IF Rec.Pracs.---3D Tessellated Geometry---0.4---2014-09-14''2;1','STEP AP242 Edition 2''CAx-IF Rec.Pracs.---Representation and Presentation of Product Manufa
cturing Information (PMI)---4.0---2014-10-13''CAx-IF Rec.Pracs.---3D Tessellated Geometry---0.4---2014-09-14''2;1''CAx-IF Rec.Pracs.---User Defined Attributes---1.5---2016-08-15'),'2;1');
/*name */
/*time_stamp */
/*author */
/*organization */
/*preprocessor_version */
/*originating_system */
/*authorisation */
FILE_NAME('/vol/tmp/translate-15455860960417271467/Part Studio 1 - Part 1.step','2026-03-09T18:49:00',(''),(''),'ST-DEVELOPER v20','ONSHAPE BY PTC INC, 1.211','  ');
FILE_SCHEMA(('AP242_MANAGED_MODEL_BASED_3D_ENGINEERING_MIM_LF { 1 0 10303 442 3 1 4 }'));
ENDSEC;
DATA;
#10=SHAPE_REPRESENTATION_RELATIONSHIP('','',#1473,#11);
#11=ADVANCED_BREP_SHAPE_REPRESENTATION('',(#1471),#2401);
#12=CYLINDRICAL_SURFACE('',#1517,0.00386274169979696);
#13=CYLINDRICAL_SURFACE('',#1518,0.00386274169979696);
#14=CYLINDRICAL_SURFACE('',#1532,0.0035);
#15=CYLINDRICAL_SURFACE('',#1538,0.0035);
#16=CYLINDRICAL_SURFACE('',#1545,0.0035);
#17=CYLINDRICAL_SURFACE('',#1552,0.0035);
#18=CYLINDRICAL_SURFACE('',#1556,0.0015);
#19=CYLINDRICAL_SURFACE('',#1557,0.0015);
#20=CYLINDRICAL_SURFACE('',#1558,0.0015);
#21=CYLINDRICAL_SURFACE('',#1559,0.0015);
#22=CYLINDRICAL_SURFACE('',#1560,0.00314586259493839);
#23=CYLINDRICAL_SURFACE('',#1561,0.00157121380736802);
#24=CYLINDRICAL_SURFACE('',#1564,0.00157121380736802);
#25=CYLINDRICAL_SURFACE('',#1566,0.00157121380736802);
#26=CYLINDRICAL_SURFACE('',#1568,0.00157121380736802);
#27=CYLINDRICAL_SURFACE('',#1569,0.00144852813742386);
#28=CYLINDRICAL_SURFACE('',#1571,0.00144852813742386);
#29=CYLINDRICAL_SURFACE('',#1573,0.00144852813742386);
#30=CYLINDRICAL_SURFACE('',#1575,0.00144852813742386);
#31=CYLINDRICAL_SURFACE('',#1577,0.001);
#32=CYLINDRICAL_SURFACE('',#1578,0.001);
#33=ELLIPSE('',#1508,0.00158301334881988,0.00157121380736802);
#34=ELLIPSE('',#1509,0.00158301334881988,0.00157121380736802);
#35=ELLIPSE('',#1512,0.0031694874739439,0.00314586259493839);
#36=ELLIPSE('',#1513,0.00151126473818828,0.0015);
#37=ELLIPSE('',#1514,0.00151126473818828,0.0015);
#38=ELLIPSE('',#1515,0.00151126473818828,0.0015);
#39=ELLIPSE('',#1516,0.00151126473818828,0.0015);
#40=ELLIPSE('',#1562,0.00222203187576772,0.00157121380736802);
#41=ELLIPSE('',#1563,0.00222203187576772,0.00157121380736802);
#42=ELLIPSE('',#1565,0.00222203187576772,0.00157121380736802);
#43=ELLIPSE('',#1567,0.00222203187576772,0.00157121380736802);
#44=CIRCLE('',#1479,0.00144852813742386);
#45=CIRCLE('',#1480,0.00144852813742386);
#46=CIRCLE('',#1481,0.00144852813742386);
#47=CIRCLE('',#1482,0.00144852813742386);
#48=CIRCLE('',#1483,0.001);
#49=CIRCLE('',#1484,0.001);
#50=CIRCLE('',#1486,0.001);
#51=CIRCLE('',#1487,0.001);
#52=CIRCLE('',#1488,0.00144852813742386);
#53=CIRCLE('',#1489,0.00144852813742386);
#54=CIRCLE('',#1490,0.00144852813742386);
#55=CIRCLE('',#1491,0.00144852813742386);
#56=CIRCLE('',#1492,0.00157121380736802);
#57=CIRCLE('',#1493,0.00386274169979696);
#58=CIRCLE('',#1494,0.00386274169979696);
#59=CIRCLE('',#1496,0.0035);
#60=CIRCLE('',#1497,0.0035);
#61=CIRCLE('',#1498,0.0035);
#62=CIRCLE('',#1499,0.0035);
#63=CIRCLE('',#1504,0.00157121380736802);
#64=CIRCLE('',#1505,0.00386274169979696);
#65=CIRCLE('',#1506,0.00386274169979696);
#66=CIRCLE('',#1531,0.00314586259493839);
#67=CIRCLE('',#1533,0.0035);
#68=CIRCLE('',#1537,0.0015);
#69=CIRCLE('',#1539,0.0035);
#70=CIRCLE('',#1543,0.0015);
#71=CIRCLE('',#1546,0.0035);
#72=CIRCLE('',#1549,0.0015);
#73=CIRCLE('',#1553,0.0035);
#74=CIRCLE('',#1555,0.0015);
#75=ORIENTED_EDGE('',*,*,#475,.F.);
#76=ORIENTED_EDGE('',*,*,#476,.T.);
#77=ORIENTED_EDGE('',*,*,#477,.T.);
#78=ORIENTED_EDGE('',*,*,#478,.F.);
#79=ORIENTED_EDGE('',*,*,#479,.F.);
#80=ORIENTED_EDGE('',*,*,#480,.F.);
#81=ORIENTED_EDGE('',*,*,#481,.F.);
#82=ORIENTED_EDGE('',*,*,#482,.T.);
#83=ORIENTED_EDGE('',*,*,#483,.F.);
#84=ORIENTED_EDGE('',*,*,#484,.T.);
#85=ORIENTED_EDGE('',*,*,#485,.T.);
#86=ORIENTED_EDGE('',*,*,#486,.T.);
#87=ORIENTED_EDGE('',*,*,#487,.T.);
#88=ORIENTED_EDGE('',*,*,#488,.F.);
#89=ORIENTED_EDGE('',*,*,#489,.T.);
#90=ORIENTED_EDGE('',*,*,#478,.T.);
#91=ORIENTED_EDGE('',*,*,#490,.T.);
#92=ORIENTED_EDGE('',*,*,#491,.T.);
#93=ORIENTED_EDGE('',*,*,#492,.F.);
#94=ORIENTED_EDGE('',*,*,#493,.F.);
#95=ORIENTED_EDGE('',*,*,#494,.F.);
#96=ORIENTED_EDGE('',*,*,#495,.F.);
#97=ORIENTED_EDGE('',*,*,#496,.T.);
#98=ORIENTED_EDGE('',*,*,#497,.F.);
#99=ORIENTED_EDGE('',*,*,#498,.T.);
#100=ORIENTED_EDGE('',*,*,#499,.T.);
#101=ORIENTED_EDGE('',*,*,#500,.F.);
#102=ORIENTED_EDGE('',*,*,#501,.T.);
#103=ORIENTED_EDGE('',*,*,#502,.F.);
#104=ORIENTED_EDGE('',*,*,#503,.T.);
#105=ORIENTED_EDGE('',*,*,#504,.T.);
#106=ORIENTED_EDGE('',*,*,#505,.T.);
#107=ORIENTED_EDGE('',*,*,#506,.T.);
#108=ORIENTED_EDGE('',*,*,#507,.T.);
#109=ORIENTED_EDGE('',*,*,#508,.F.);
#110=ORIENTED_EDGE('',*,*,#488,.T.);
#111=ORIENTED_EDGE('',*,*,#509,.T.);
#112=ORIENTED_EDGE('',*,*,#491,.F.);
#113=ORIENTED_EDGE('',*,*,#510,.T.);
#114=ORIENTED_EDGE('',*,*,#511,.T.);
#115=ORIENTED_EDGE('',*,*,#512,.F.);
#116=ORIENTED_EDGE('',*,*,#513,.F.);
#117=ORIENTED_EDGE('',*,*,#514,.F.);
#118=ORIENTED_EDGE('',*,*,#515,.F.);
#119=ORIENTED_EDGE('',*,*,#516,.T.);
#120=ORIENTED_EDGE('',*,*,#517,.F.);
#121=ORIENTED_EDGE('',*,*,#518,.F.);
#122=ORIENTED_EDGE('',*,*,#519,.F.);
#123=ORIENTED_EDGE('',*,*,#520,.F.);
#124=ORIENTED_EDGE('',*,*,#521,.F.);
#125=ORIENTED_EDGE('',*,*,#522,.T.);
#126=ORIENTED_EDGE('',*,*,#523,.F.);
#127=ORIENTED_EDGE('',*,*,#524,.T.);
#128=ORIENTED_EDGE('',*,*,#525,.T.);
#129=ORIENTED_EDGE('',*,*,#526,.T.);
#130=ORIENTED_EDGE('',*,*,#527,.T.);
#131=ORIENTED_EDGE('',*,*,#528,.T.);
#132=ORIENTED_EDGE('',*,*,#529,.T.);
#133=ORIENTED_EDGE('',*,*,#530,.F.);
#134=ORIENTED_EDGE('',*,*,#531,.T.);
#135=ORIENTED_EDGE('',*,*,#532,.T.);
#136=ORIENTED_EDGE('',*,*,#533,.F.);
#137=ORIENTED_EDGE('',*,*,#534,.F.);
#138=ORIENTED_EDGE('',*,*,#535,.T.);
#139=ORIENTED_EDGE('',*,*,#536,.T.);
#140=ORIENTED_EDGE('',*,*,#537,.T.);
#141=ORIENTED_EDGE('',*,*,#538,.T.);
#142=ORIENTED_EDGE('',*,*,#539,.F.);
#143=ORIENTED_EDGE('',*,*,#540,.T.);
#144=ORIENTED_EDGE('',*,*,#541,.F.);
#145=ORIENTED_EDGE('',*,*,#542,.T.);
#146=ORIENTED_EDGE('',*,*,#543,.T.);
#147=ORIENTED_EDGE('',*,*,#544,.F.);
#148=ORIENTED_EDGE('',*,*,#545,.F.);
#149=ORIENTED_EDGE('',*,*,#546,.F.);
#150=ORIENTED_EDGE('',*,*,#547,.T.);
#151=ORIENTED_EDGE('',*,*,#548,.F.);
#152=ORIENTED_EDGE('',*,*,#549,.F.);
#153=ORIENTED_EDGE('',*,*,#550,.T.);
#154=ORIENTED_EDGE('',*,*,#551,.T.);
#155=ORIENTED_EDGE('',*,*,#552,.F.);
#156=ORIENTED_EDGE('',*,*,#553,.F.);
#157=ORIENTED_EDGE('',*,*,#554,.F.);
#158=ORIENTED_EDGE('',*,*,#555,.F.);
#159=ORIENTED_EDGE('',*,*,#556,.T.);
#160=ORIENTED_EDGE('',*,*,#557,.F.);
#161=ORIENTED_EDGE('',*,*,#558,.F.);
#162=ORIENTED_EDGE('',*,*,#559,.F.);
#163=ORIENTED_EDGE('',*,*,#560,.T.);
#164=ORIENTED_EDGE('',*,*,#543,.F.);
#165=ORIENTED_EDGE('',*,*,#561,.F.);
#166=ORIENTED_EDGE('',*,*,#562,.T.);
#167=ORIENTED_EDGE('',*,*,#563,.T.);
#168=ORIENTED_EDGE('',*,*,#551,.F.);
#169=ORIENTED_EDGE('',*,*,#564,.F.);
#170=ORIENTED_EDGE('',*,*,#565,.F.);
#171=ORIENTED_EDGE('',*,*,#566,.T.);
#172=ORIENTED_EDGE('',*,*,#547,.F.);
#173=ORIENTED_EDGE('',*,*,#567,.F.);
#174=ORIENTED_EDGE('',*,*,#497,.T.);
#175=ORIENTED_EDGE('',*,*,#568,.T.);
#176=ORIENTED_EDGE('',*,*,#569,.F.);
#177=ORIENTED_EDGE('',*,*,#570,.F.);
#178=ORIENTED_EDGE('',*,*,#493,.T.);
#179=ORIENTED_EDGE('',*,*,#571,.F.);
#180=ORIENTED_EDGE('',*,*,#486,.F.);
#181=ORIENTED_EDGE('',*,*,#572,.T.);
#182=ORIENTED_EDGE('',*,*,#573,.T.);
#183=ORIENTED_EDGE('',*,*,#574,.F.);
#184=ORIENTED_EDGE('',*,*,#482,.F.);
#185=ORIENTED_EDGE('',*,*,#575,.T.);
#186=ORIENTED_EDGE('',*,*,#526,.F.);
#187=ORIENTED_EDGE('',*,*,#576,.T.);
#188=ORIENTED_EDGE('',*,*,#577,.T.);
#189=ORIENTED_EDGE('',*,*,#578,.T.);
#190=ORIENTED_EDGE('',*,*,#577,.F.);
#191=ORIENTED_EDGE('',*,*,#579,.T.);
#192=ORIENTED_EDGE('',*,*,#580,.T.);
#193=ORIENTED_EDGE('',*,*,#581,.T.);
#194=ORIENTED_EDGE('',*,*,#582,.T.);
#195=ORIENTED_EDGE('',*,*,#583,.F.);
#196=ORIENTED_EDGE('',*,*,#584,.T.);
#197=ORIENTED_EDGE('',*,*,#585,.T.);
#198=ORIENTED_EDGE('',*,*,#586,.T.);
#199=ORIENTED_EDGE('',*,*,#530,.T.);
#200=ORIENTED_EDGE('',*,*,#587,.T.);
#201=ORIENTED_EDGE('',*,*,#581,.F.);
#202=ORIENTED_EDGE('',*,*,#588,.T.);
#203=ORIENTED_EDGE('',*,*,#575,.F.);
#204=ORIENTED_EDGE('',*,*,#481,.T.);
#205=ORIENTED_EDGE('',*,*,#589,.F.);
#206=ORIENTED_EDGE('',*,*,#590,.T.);
#207=ORIENTED_EDGE('',*,*,#475,.T.);
#208=ORIENTED_EDGE('',*,*,#489,.F.);
#209=ORIENTED_EDGE('',*,*,#528,.F.);
#210=ORIENTED_EDGE('',*,*,#591,.T.);
#211=ORIENTED_EDGE('',*,*,#583,.T.);
#212=ORIENTED_EDGE('',*,*,#592,.T.);
#213=ORIENTED_EDGE('',*,*,#593,.F.);
#214=ORIENTED_EDGE('',*,*,#594,.F.);
#215=ORIENTED_EDGE('',*,*,#595,.F.);
#216=ORIENTED_EDGE('',*,*,#596,.F.);
#217=ORIENTED_EDGE('',*,*,#597,.F.);
#218=ORIENTED_EDGE('',*,*,#487,.F.);
#219=ORIENTED_EDGE('',*,*,#571,.T.);
#220=ORIENTED_EDGE('',*,*,#492,.T.);
#221=ORIENTED_EDGE('',*,*,#509,.F.);
#222=ORIENTED_EDGE('',*,*,#584,.F.);
#223=ORIENTED_EDGE('',*,*,#591,.F.);
#224=ORIENTED_EDGE('',*,*,#527,.F.);
#225=ORIENTED_EDGE('',*,*,#578,.F.);
#226=ORIENTED_EDGE('',*,*,#582,.F.);
#227=ORIENTED_EDGE('',*,*,#587,.F.);
#228=ORIENTED_EDGE('',*,*,#529,.F.);
#229=ORIENTED_EDGE('',*,*,#592,.F.);
#230=ORIENTED_EDGE('',*,*,#572,.F.);
#231=ORIENTED_EDGE('',*,*,#485,.F.);
#232=ORIENTED_EDGE('',*,*,#598,.T.);
#233=ORIENTED_EDGE('',*,*,#599,.T.);
#234=ORIENTED_EDGE('',*,*,#574,.T.);
#235=ORIENTED_EDGE('',*,*,#600,.F.);
#236=ORIENTED_EDGE('',*,*,#601,.F.);
#237=ORIENTED_EDGE('',*,*,#483,.T.);
#238=ORIENTED_EDGE('',*,*,#573,.F.);
#239=ORIENTED_EDGE('',*,*,#599,.F.);
#240=ORIENTED_EDGE('',*,*,#602,.T.);
#241=ORIENTED_EDGE('',*,*,#600,.T.);
#242=ORIENTED_EDGE('',*,*,#598,.F.);
#243=ORIENTED_EDGE('',*,*,#484,.F.);
#244=ORIENTED_EDGE('',*,*,#601,.T.);
#245=ORIENTED_EDGE('',*,*,#602,.F.);
#246=ORIENTED_EDGE('',*,*,#570,.T.);
#247=ORIENTED_EDGE('',*,*,#603,.F.);
#248=ORIENTED_EDGE('',*,*,#604,.F.);
#249=ORIENTED_EDGE('',*,*,#494,.T.);
#250=ORIENTED_EDGE('',*,*,#569,.T.);
#251=ORIENTED_EDGE('',*,*,#605,.F.);
#252=ORIENTED_EDGE('',*,*,#606,.F.);
#253=ORIENTED_EDGE('',*,*,#603,.T.);
#254=ORIENTED_EDGE('',*,*,#568,.F.);
#255=ORIENTED_EDGE('',*,*,#496,.F.);
#256=ORIENTED_EDGE('',*,*,#607,.T.);
#257=ORIENTED_EDGE('',*,*,#605,.T.);
#258=ORIENTED_EDGE('',*,*,#495,.T.);
#259=ORIENTED_EDGE('',*,*,#604,.T.);
#260=ORIENTED_EDGE('',*,*,#606,.T.);
#261=ORIENTED_EDGE('',*,*,#607,.F.);
#262=ORIENTED_EDGE('',*,*,#542,.F.);
#263=ORIENTED_EDGE('',*,*,#608,.F.);
#264=ORIENTED_EDGE('',*,*,#609,.T.);
#265=ORIENTED_EDGE('',*,*,#561,.T.);
#266=ORIENTED_EDGE('',*,*,#610,.T.);
#267=ORIENTED_EDGE('',*,*,#611,.T.);
#268=ORIENTED_EDGE('',*,*,#553,.T.);
#269=ORIENTED_EDGE('',*,*,#612,.F.);
#270=ORIENTED_EDGE('',*,*,#613,.F.);
#271=ORIENTED_EDGE('',*,*,#608,.T.);
#272=ORIENTED_EDGE('',*,*,#541,.T.);
#273=ORIENTED_EDGE('',*,*,#614,.F.);
#274=ORIENTED_EDGE('',*,*,#615,.T.);
#275=ORIENTED_EDGE('',*,*,#616,.T.);
#276=ORIENTED_EDGE('',*,*,#557,.T.);
#277=ORIENTED_EDGE('',*,*,#617,.F.);
#278=ORIENTED_EDGE('',*,*,#552,.T.);
#279=ORIENTED_EDGE('',*,*,#563,.F.);
#280=ORIENTED_EDGE('',*,*,#618,.F.);
#281=ORIENTED_EDGE('',*,*,#612,.T.);
#282=ORIENTED_EDGE('',*,*,#619,.F.);
#283=ORIENTED_EDGE('',*,*,#609,.F.);
#284=ORIENTED_EDGE('',*,*,#613,.T.);
#285=ORIENTED_EDGE('',*,*,#618,.T.);
#286=ORIENTED_EDGE('',*,*,#562,.F.);
#287=ORIENTED_EDGE('',*,*,#549,.T.);
#288=ORIENTED_EDGE('',*,*,#620,.F.);
#289=ORIENTED_EDGE('',*,*,#621,.F.);
#290=ORIENTED_EDGE('',*,*,#622,.T.);
#291=ORIENTED_EDGE('',*,*,#548,.T.);
#292=ORIENTED_EDGE('',*,*,#566,.F.);
#293=ORIENTED_EDGE('',*,*,#623,.F.);
#294=ORIENTED_EDGE('',*,*,#620,.T.);
#295=ORIENTED_EDGE('',*,*,#550,.F.);
#296=ORIENTED_EDGE('',*,*,#622,.F.);
#297=ORIENTED_EDGE('',*,*,#624,.T.);
#298=ORIENTED_EDGE('',*,*,#564,.T.);
#299=ORIENTED_EDGE('',*,*,#625,.F.);
#300=ORIENTED_EDGE('',*,*,#621,.T.);
#301=ORIENTED_EDGE('',*,*,#623,.T.);
#302=ORIENTED_EDGE('',*,*,#565,.T.);
#303=ORIENTED_EDGE('',*,*,#624,.F.);
#304=ORIENTED_EDGE('',*,*,#545,.T.);
#305=ORIENTED_EDGE('',*,*,#626,.F.);
#306=ORIENTED_EDGE('',*,*,#627,.F.);
#307=ORIENTED_EDGE('',*,*,#628,.T.);
#308=ORIENTED_EDGE('',*,*,#544,.T.);
#309=ORIENTED_EDGE('',*,*,#560,.F.);
#310=ORIENTED_EDGE('',*,*,#629,.F.);
#311=ORIENTED_EDGE('',*,*,#626,.T.);
#312=ORIENTED_EDGE('',*,*,#546,.T.);
#313=ORIENTED_EDGE('',*,*,#628,.F.);
#314=ORIENTED_EDGE('',*,*,#630,.F.);
#315=ORIENTED_EDGE('',*,*,#567,.T.);
#316=ORIENTED_EDGE('',*,*,#631,.F.);
#317=ORIENTED_EDGE('',*,*,#627,.T.);
#318=ORIENTED_EDGE('',*,*,#629,.T.);
#319=ORIENTED_EDGE('',*,*,#559,.T.);
#320=ORIENTED_EDGE('',*,*,#630,.T.);
#321=ORIENTED_EDGE('',*,*,#540,.F.);
#322=ORIENTED_EDGE('',*,*,#632,.F.);
#323=ORIENTED_EDGE('',*,*,#633,.T.);
#324=ORIENTED_EDGE('',*,*,#614,.T.);
#325=ORIENTED_EDGE('',*,*,#539,.T.);
#326=ORIENTED_EDGE('',*,*,#634,.F.);
#327=ORIENTED_EDGE('',*,*,#635,.F.);
#328=ORIENTED_EDGE('',*,*,#632,.T.);
#329=ORIENTED_EDGE('',*,*,#558,.T.);
#330=ORIENTED_EDGE('',*,*,#616,.F.);
#331=ORIENTED_EDGE('',*,*,#636,.F.);
#332=ORIENTED_EDGE('',*,*,#634,.T.);
#333=ORIENTED_EDGE('',*,*,#637,.F.);
#334=ORIENTED_EDGE('',*,*,#633,.F.);
#335=ORIENTED_EDGE('',*,*,#635,.T.);
#336=ORIENTED_EDGE('',*,*,#636,.T.);
#337=ORIENTED_EDGE('',*,*,#615,.F.);
#338=ORIENTED_EDGE('',*,*,#554,.T.);
#339=ORIENTED_EDGE('',*,*,#611,.F.);
#340=ORIENTED_EDGE('',*,*,#638,.F.);
#341=ORIENTED_EDGE('',*,*,#639,.T.);
#342=ORIENTED_EDGE('',*,*,#556,.F.);
#343=ORIENTED_EDGE('',*,*,#640,.F.);
#344=ORIENTED_EDGE('',*,*,#641,.T.);
#345=ORIENTED_EDGE('',*,*,#617,.T.);
#346=ORIENTED_EDGE('',*,*,#555,.T.);
#347=ORIENTED_EDGE('',*,*,#639,.F.);
#348=ORIENTED_EDGE('',*,*,#642,.F.);
#349=ORIENTED_EDGE('',*,*,#640,.T.);
#350=ORIENTED_EDGE('',*,*,#643,.F.);
#351=ORIENTED_EDGE('',*,*,#638,.T.);
#352=ORIENTED_EDGE('',*,*,#610,.F.);
#353=ORIENTED_EDGE('',*,*,#641,.F.);
#354=ORIENTED_EDGE('',*,*,#642,.T.);
#355=ORIENTED_EDGE('',*,*,#596,.T.);
#356=ORIENTED_EDGE('',*,*,#643,.T.);
#357=ORIENTED_EDGE('',*,*,#597,.T.);
#358=ORIENTED_EDGE('',*,*,#637,.T.);
#359=ORIENTED_EDGE('',*,*,#594,.T.);
#360=ORIENTED_EDGE('',*,*,#631,.T.);
#361=ORIENTED_EDGE('',*,*,#595,.T.);
#362=ORIENTED_EDGE('',*,*,#625,.T.);
#363=ORIENTED_EDGE('',*,*,#593,.T.);
#364=ORIENTED_EDGE('',*,*,#619,.T.);
#365=ORIENTED_EDGE('',*,*,#644,.F.);
#366=ORIENTED_EDGE('',*,*,#585,.F.);
#367=ORIENTED_EDGE('',*,*,#645,.F.);
#368=ORIENTED_EDGE('',*,*,#538,.F.);
#369=ORIENTED_EDGE('',*,*,#588,.F.);
#370=ORIENTED_EDGE('',*,*,#580,.F.);
#371=ORIENTED_EDGE('',*,*,#646,.F.);
#372=ORIENTED_EDGE('',*,*,#535,.F.);
#373=ORIENTED_EDGE('',*,*,#645,.T.);
#374=ORIENTED_EDGE('',*,*,#644,.T.);
#375=ORIENTED_EDGE('',*,*,#537,.F.);
#376=ORIENTED_EDGE('',*,*,#647,.F.);
#377=ORIENTED_EDGE('',*,*,#524,.F.);
#378=ORIENTED_EDGE('',*,*,#586,.F.);
#379=ORIENTED_EDGE('',*,*,#579,.F.);
#380=ORIENTED_EDGE('',*,*,#576,.F.);
#381=ORIENTED_EDGE('',*,*,#525,.F.);
#382=ORIENTED_EDGE('',*,*,#647,.T.);
#383=ORIENTED_EDGE('',*,*,#536,.F.);
#384=ORIENTED_EDGE('',*,*,#646,.T.);
#385=ORIENTED_EDGE('',*,*,#648,.T.);
#386=ORIENTED_EDGE('',*,*,#517,.T.);
#387=ORIENTED_EDGE('',*,*,#649,.F.);
#388=ORIENTED_EDGE('',*,*,#499,.F.);
#389=ORIENTED_EDGE('',*,*,#500,.T.);
#390=ORIENTED_EDGE('',*,*,#649,.T.);
#391=ORIENTED_EDGE('',*,*,#516,.F.);
#392=ORIENTED_EDGE('',*,*,#650,.F.);
#393=ORIENTED_EDGE('',*,*,#650,.T.);
#394=ORIENTED_EDGE('',*,*,#523,.T.);
#395=ORIENTED_EDGE('',*,*,#651,.F.);
#396=ORIENTED_EDGE('',*,*,#501,.F.);
#397=ORIENTED_EDGE('',*,*,#502,.T.);
#398=ORIENTED_EDGE('',*,*,#651,.T.);
#399=ORIENTED_EDGE('',*,*,#522,.F.);
#400=ORIENTED_EDGE('',*,*,#652,.F.);
#401=ORIENTED_EDGE('',*,*,#652,.T.);
#402=ORIENTED_EDGE('',*,*,#521,.T.);
#403=ORIENTED_EDGE('',*,*,#653,.F.);
#404=ORIENTED_EDGE('',*,*,#503,.F.);
#405=ORIENTED_EDGE('',*,*,#653,.T.);
#406=ORIENTED_EDGE('',*,*,#520,.T.);
#407=ORIENTED_EDGE('',*,*,#654,.F.);
#408=ORIENTED_EDGE('',*,*,#504,.F.);
#409=ORIENTED_EDGE('',*,*,#654,.T.);
#410=ORIENTED_EDGE('',*,*,#519,.T.);
#411=ORIENTED_EDGE('',*,*,#655,.F.);
#412=ORIENTED_EDGE('',*,*,#505,.F.);
#413=ORIENTED_EDGE('',*,*,#655,.T.);
#414=ORIENTED_EDGE('',*,*,#518,.T.);
#415=ORIENTED_EDGE('',*,*,#648,.F.);
#416=ORIENTED_EDGE('',*,*,#498,.F.);
#417=ORIENTED_EDGE('',*,*,#515,.T.);
#418=ORIENTED_EDGE('',*,*,#506,.F.);
#419=ORIENTED_EDGE('',*,*,#514,.T.);
#420=ORIENTED_EDGE('',*,*,#507,.F.);
#421=ORIENTED_EDGE('',*,*,#510,.F.);
#422=ORIENTED_EDGE('',*,*,#656,.F.);
#423=ORIENTED_EDGE('',*,*,#657,.T.);
#424=ORIENTED_EDGE('',*,*,#658,.T.);
#425=ORIENTED_EDGE('',*,*,#513,.T.);
#426=ORIENTED_EDGE('',*,*,#659,.F.);
#427=ORIENTED_EDGE('',*,*,#660,.F.);
#428=ORIENTED_EDGE('',*,*,#656,.T.);
#429=ORIENTED_EDGE('',*,*,#512,.T.);
#430=ORIENTED_EDGE('',*,*,#661,.F.);
#431=ORIENTED_EDGE('',*,*,#662,.F.);
#432=ORIENTED_EDGE('',*,*,#659,.T.);
#433=ORIENTED_EDGE('',*,*,#511,.F.);
#434=ORIENTED_EDGE('',*,*,#658,.F.);
#435=ORIENTED_EDGE('',*,*,#663,.T.);
#436=ORIENTED_EDGE('',*,*,#661,.T.);
#437=ORIENTED_EDGE('',*,*,#657,.F.);
#438=ORIENTED_EDGE('',*,*,#660,.T.);
#439=ORIENTED_EDGE('',*,*,#662,.T.);
#440=ORIENTED_EDGE('',*,*,#663,.F.);
#441=ORIENTED_EDGE('',*,*,#531,.F.);
#442=ORIENTED_EDGE('',*,*,#664,.F.);
#443=ORIENTED_EDGE('',*,*,#665,.T.);
#444=ORIENTED_EDGE('',*,*,#666,.T.);
#445=ORIENTED_EDGE('',*,*,#534,.T.);
#446=ORIENTED_EDGE('',*,*,#667,.F.);
#447=ORIENTED_EDGE('',*,*,#668,.F.);
#448=ORIENTED_EDGE('',*,*,#664,.T.);
#449=ORIENTED_EDGE('',*,*,#533,.T.);
#450=ORIENTED_EDGE('',*,*,#669,.F.);
#451=ORIENTED_EDGE('',*,*,#670,.F.);
#452=ORIENTED_EDGE('',*,*,#667,.T.);
#453=ORIENTED_EDGE('',*,*,#532,.F.);
#454=ORIENTED_EDGE('',*,*,#666,.F.);
#455=ORIENTED_EDGE('',*,*,#671,.T.);
#456=ORIENTED_EDGE('',*,*,#669,.T.);
#457=ORIENTED_EDGE('',*,*,#665,.F.);
#458=ORIENTED_EDGE('',*,*,#668,.T.);
#459=ORIENTED_EDGE('',*,*,#670,.T.);
#460=ORIENTED_EDGE('',*,*,#671,.F.);
#461=ORIENTED_EDGE('',*,*,#508,.T.);
#462=ORIENTED_EDGE('',*,*,#490,.F.);
#463=ORIENTED_EDGE('',*,*,#477,.F.);
#464=ORIENTED_EDGE('',*,*,#672,.T.);
#465=ORIENTED_EDGE('',*,*,#673,.T.);
#466=ORIENTED_EDGE('',*,*,#479,.T.);
#467=ORIENTED_EDGE('',*,*,#480,.T.);
#468=ORIENTED_EDGE('',*,*,#673,.F.);
#469=ORIENTED_EDGE('',*,*,#674,.F.);
#470=ORIENTED_EDGE('',*,*,#589,.T.);
#471=ORIENTED_EDGE('',*,*,#672,.F.);
#472=ORIENTED_EDGE('',*,*,#476,.F.);
#473=ORIENTED_EDGE('',*,*,#590,.F.);
#474=ORIENTED_EDGE('',*,*,#674,.T.);
#475=EDGE_CURVE('',#675,#676,#813,.T.);
#476=EDGE_CURVE('',#675,#677,#814,.T.);
#477=EDGE_CURVE('',#677,#678,#815,.T.);
#478=EDGE_CURVE('',#676,#678,#816,.T.);
#479=EDGE_CURVE('',#679,#680,#817,.T.);
#480=EDGE_CURVE('',#681,#679,#818,.T.);
#481=EDGE_CURVE('',#682,#681,#819,.T.);
#482=EDGE_CURVE('',#682,#683,#820,.T.);
#483=EDGE_CURVE('',#684,#683,#821,.T.);
#484=EDGE_CURVE('',#684,#685,#822,.T.);
#485=EDGE_CURVE('',#685,#686,#823,.T.);
#486=EDGE_CURVE('',#686,#687,#824,.T.);
#487=EDGE_CURVE('',#687,#688,#825,.T.);
#488=EDGE_CURVE('',#680,#688,#826,.T.);
#489=EDGE_CURVE('',#689,#676,#827,.T.);
#490=EDGE_CURVE('',#678,#690,#828,.T.);
#491=EDGE_CURVE('',#690,#691,#829,.T.);
#492=EDGE_CURVE('',#692,#691,#830,.T.);
#493=EDGE_CURVE('',#693,#692,#831,.T.);
#494=EDGE_CURVE('',#694,#693,#832,.T.);
#495=EDGE_CURVE('',#695,#694,#833,.T.);
#496=EDGE_CURVE('',#695,#696,#834,.T.);
#497=EDGE_CURVE('',#689,#696,#835,.T.);
#498=EDGE_CURVE('',#697,#698,#836,.T.);
#499=EDGE_CURVE('',#698,#699,#44,.T.);
#500=EDGE_CURVE('',#700,#699,#837,.T.);
#501=EDGE_CURVE('',#700,#701,#45,.T.);
#502=EDGE_CURVE('',#702,#701,#838,.T.);
#503=EDGE_CURVE('',#702,#703,#46,.T.);
#504=EDGE_CURVE('',#703,#704,#839,.T.);
#505=EDGE_CURVE('',#704,#697,#47,.T.);
#506=EDGE_CURVE('',#705,#705,#48,.T.);
#507=EDGE_CURVE('',#706,#706,#49,.T.);
#508=EDGE_CURVE('',#680,#690,#840,.T.);
#509=EDGE_CURVE('',#688,#691,#841,.T.);
#510=EDGE_CURVE('',#707,#708,#842,.T.);
#511=EDGE_CURVE('',#708,#709,#843,.T.);
#512=EDGE_CURVE('',#710,#709,#844,.T.);
#513=EDGE_CURVE('',#707,#710,#845,.T.);
#514=EDGE_CURVE('',#711,#711,#50,.T.);
#515=EDGE_CURVE('',#712,#712,#51,.T.);
#516=EDGE_CURVE('',#713,#714,#846,.T.);
#517=EDGE_CURVE('',#715,#714,#52,.T.);
#518=EDGE_CURVE('',#716,#715,#847,.T.);
#519=EDGE_CURVE('',#717,#716,#53,.T.);
#520=EDGE_CURVE('',#718,#717,#848,.T.);
#521=EDGE_CURVE('',#719,#718,#54,.T.);
#522=EDGE_CURVE('',#719,#720,#849,.T.);
#523=EDGE_CURVE('',#713,#720,#55,.T.);
#524=EDGE_CURVE('',#721,#722,#850,.F.);
#525=EDGE_CURVE('',#722,#723,#56,.F.);
#526=EDGE_CURVE('',#723,#724,#851,.T.);
#527=EDGE_CURVE('',#724,#725,#57,.F.);
#528=EDGE_CURVE('',#725,#726,#852,.T.);
#529=EDGE_CURVE('',#726,#727,#58,.F.);
#530=EDGE_CURVE('',#721,#727,#853,.T.);
#531=EDGE_CURVE('',#728,#729,#854,.T.);
#532=EDGE_CURVE('',#729,#730,#855,.T.);
#533=EDGE_CURVE('',#731,#730,#856,.T.);
#534=EDGE_CURVE('',#728,#731,#857,.T.);
#535=EDGE_CURVE('',#732,#733,#858,.F.);
#536=EDGE_CURVE('',#733,#734,#859,.T.);
#537=EDGE_CURVE('',#734,#735,#860,.T.);
#538=EDGE_CURVE('',#735,#732,#861,.F.);
#539=EDGE_CURVE('',#736,#737,#59,.T.);
#540=EDGE_CURVE('',#736,#738,#862,.T.);
#541=EDGE_CURVE('',#739,#738,#863,.T.);
#542=EDGE_CURVE('',#739,#740,#864,.T.);
#543=EDGE_CURVE('',#740,#741,#865,.T.);
#544=EDGE_CURVE('',#742,#741,#866,.T.);
#545=EDGE_CURVE('',#743,#742,#60,.T.);
#546=EDGE_CURVE('',#744,#743,#867,.T.);
#547=EDGE_CURVE('',#744,#745,#868,.T.);
#548=EDGE_CURVE('',#746,#745,#869,.T.);
#549=EDGE_CURVE('',#747,#746,#61,.T.);
#550=EDGE_CURVE('',#747,#748,#870,.T.);
#551=EDGE_CURVE('',#748,#749,#871,.T.);
#552=EDGE_CURVE('',#750,#749,#872,.T.);
#553=EDGE_CURVE('',#751,#750,#873,.T.);
#554=EDGE_CURVE('',#752,#751,#874,.T.);
#555=EDGE_CURVE('',#753,#752,#62,.T.);
#556=EDGE_CURVE('',#753,#754,#875,.T.);
#557=EDGE_CURVE('',#755,#754,#876,.T.);
#558=EDGE_CURVE('',#737,#755,#877,.T.);
#559=EDGE_CURVE('',#756,#757,#878,.T.);
#560=EDGE_CURVE('',#756,#741,#879,.T.);
#561=EDGE_CURVE('',#758,#740,#880,.T.);
#562=EDGE_CURVE('',#758,#759,#881,.T.);
#563=EDGE_CURVE('',#759,#749,#882,.T.);
#564=EDGE_CURVE('',#760,#748,#883,.T.);
#565=EDGE_CURVE('',#761,#760,#884,.T.);
#566=EDGE_CURVE('',#761,#745,#885,.T.);
#567=EDGE_CURVE('',#757,#744,#886,.T.);
#568=EDGE_CURVE('',#696,#762,#887,.T.);
#569=EDGE_CURVE('',#763,#762,#888,.T.);
#570=EDGE_CURVE('',#693,#763,#889,.T.);
#571=EDGE_CURVE('',#687,#692,#890,.T.);
#572=EDGE_CURVE('',#686,#764,#891,.T.);
#573=EDGE_CURVE('',#764,#765,#892,.T.);
#574=EDGE_CURVE('',#683,#765,#893,.T.);
#575=EDGE_CURVE('',#682,#689,#894,.T.);
#576=EDGE_CURVE('',#723,#766,#895,.F.);
#577=EDGE_CURVE('',#766,#767,#896,.T.);
#578=EDGE_CURVE('',#767,#724,#897,.T.);
#579=EDGE_CURVE('',#766,#768,#63,.T.);
#580=EDGE_CURVE('',#768,#769,#898,.T.);
#581=EDGE_CURVE('',#769,#770,#899,.T.);
#582=EDGE_CURVE('',#770,#771,#64,.T.);
#583=EDGE_CURVE('',#772,#771,#900,.T.);
#584=EDGE_CURVE('',#772,#767,#65,.T.);
#585=EDGE_CURVE('',#773,#774,#901,.T.);
#586=EDGE_CURVE('',#774,#721,#33,.T.);
#587=EDGE_CURVE('',#727,#770,#902,.F.);
#588=EDGE_CURVE('',#769,#773,#34,.T.);
#589=EDGE_CURVE('',#775,#681,#903,.T.);
#590=EDGE_CURVE('',#775,#675,#904,.T.);
#591=EDGE_CURVE('',#725,#772,#905,.F.);
#592=EDGE_CURVE('',#771,#726,#906,.T.);
#593=EDGE_CURVE('',#776,#776,#35,.T.);
#594=EDGE_CURVE('',#777,#777,#36,.T.);
#595=EDGE_CURVE('',#778,#778,#37,.T.);
#596=EDGE_CURVE('',#779,#779,#38,.T.);
#597=EDGE_CURVE('',#780,#780,#39,.T.);
#598=EDGE_CURVE('',#685,#781,#907,.T.);
#599=EDGE_CURVE('',#781,#764,#908,.T.);
#600=EDGE_CURVE('',#782,#765,#909,.T.);
#601=EDGE_CURVE('',#684,#782,#910,.T.);
#602=EDGE_CURVE('',#781,#782,#911,.T.);
#603=EDGE_CURVE('',#783,#763,#912,.T.);
#604=EDGE_CURVE('',#694,#783,#913,.T.);
#605=EDGE_CURVE('',#784,#762,#914,.T.);
#606=EDGE_CURVE('',#783,#784,#915,.T.);
#607=EDGE_CURVE('',#695,#784,#916,.T.);
#608=EDGE_CURVE('',#785,#739,#917,.T.);
#609=EDGE_CURVE('',#785,#758,#918,.T.);
#610=EDGE_CURVE('',#786,#787,#919,.T.);
#611=EDGE_CURVE('',#787,#751,#920,.T.);
#612=EDGE_CURVE('',#788,#750,#921,.T.);
#613=EDGE_CURVE('',#785,#788,#922,.T.);
#614=EDGE_CURVE('',#789,#738,#923,.T.);
#615=EDGE_CURVE('',#789,#790,#924,.T.);
#616=EDGE_CURVE('',#790,#755,#925,.T.);
#617=EDGE_CURVE('',#786,#754,#926,.T.);
#618=EDGE_CURVE('',#788,#759,#927,.T.);
#619=EDGE_CURVE('',#791,#791,#66,.T.);
#620=EDGE_CURVE('',#792,#746,#928,.T.);
#621=EDGE_CURVE('',#793,#792,#67,.T.);
#622=EDGE_CURVE('',#793,#747,#929,.T.);
#623=EDGE_CURVE('',#792,#761,#930,.T.);
#624=EDGE_CURVE('',#793,#760,#931,.T.);
#625=EDGE_CURVE('',#794,#794,#68,.T.);
#626=EDGE_CURVE('',#795,#742,#932,.T.);
#627=EDGE_CURVE('',#796,#795,#69,.T.);
#628=EDGE_CURVE('',#796,#743,#933,.T.);
#629=EDGE_CURVE('',#795,#756,#934,.T.);
#630=EDGE_CURVE('',#757,#796,#935,.T.);
#631=EDGE_CURVE('',#797,#797,#70,.T.);
#632=EDGE_CURVE('',#798,#736,#936,.T.);
#633=EDGE_CURVE('',#798,#789,#937,.T.);
#634=EDGE_CURVE('',#799,#737,#938,.T.);
#635=EDGE_CURVE('',#798,#799,#71,.T.);
#636=EDGE_CURVE('',#799,#790,#939,.T.);
#637=EDGE_CURVE('',#800,#800,#72,.T.);
#638=EDGE_CURVE('',#801,#787,#940,.T.);
#639=EDGE_CURVE('',#801,#752,#941,.T.);
#640=EDGE_CURVE('',#802,#753,#942,.T.);
#641=EDGE_CURVE('',#802,#786,#943,.T.);
#642=EDGE_CURVE('',#802,#801,#73,.T.);
#643=EDGE_CURVE('',#803,#803,#74,.T.);
#644=EDGE_CURVE('',#774,#735,#40,.F.);
#645=EDGE_CURVE('',#732,#773,#41,.T.);
#646=EDGE_CURVE('',#733,#768,#42,.T.);
#647=EDGE_CURVE('',#722,#734,#43,.F.);
#648=EDGE_CURVE('',#698,#715,#944,.T.);
#649=EDGE_CURVE('',#699,#714,#945,.T.);
#650=EDGE_CURVE('',#700,#713,#946,.T.);
#651=EDGE_CURVE('',#701,#720,#947,.T.);
#652=EDGE_CURVE('',#702,#719,#948,.T.);
#653=EDGE_CURVE('',#703,#718,#949,.T.);
#654=EDGE_CURVE('',#704,#717,#950,.T.);
#655=EDGE_CURVE('',#697,#716,#951,.T.);
#656=EDGE_CURVE('',#804,#707,#952,.T.);
#657=EDGE_CURVE('',#804,#805,#953,.T.);
#658=EDGE_CURVE('',#805,#708,#954,.T.);
#659=EDGE_CURVE('',#806,#710,#955,.T.);
#660=EDGE_CURVE('',#804,#806,#956,.T.);
#661=EDGE_CURVE('',#807,#709,#957,.T.);
#662=EDGE_CURVE('',#806,#807,#958,.T.);
#663=EDGE_CURVE('',#805,#807,#959,.T.);
#664=EDGE_CURVE('',#808,#728,#960,.T.);
#665=EDGE_CURVE('',#808,#809,#961,.T.);
#666=EDGE_CURVE('',#809,#729,#962,.T.);
#667=EDGE_CURVE('',#810,#731,#963,.T.);
#668=EDGE_CURVE('',#808,#810,#964,.T.);
#669=EDGE_CURVE('',#811,#730,#965,.T.);
#670=EDGE_CURVE('',#810,#811,#966,.T.);
#671=EDGE_CURVE('',#809,#811,#967,.T.);
#672=EDGE_CURVE('',#677,#812,#968,.T.);
#673=EDGE_CURVE('',#812,#679,#969,.T.);
#674=EDGE_CURVE('',#775,#812,#970,.T.);
#675=VERTEX_POINT('',#1989);
#676=VERTEX_POINT('',#1990);
#677=VERTEX_POINT('',#1992);
#678=VERTEX_POINT('',#1994);
#679=VERTEX_POINT('',#1998);
#680=VERTEX_POINT('',#1999);
#681=VERTEX_POINT('',#2001);
#682=VERTEX_POINT('',#2003);
#683=VERTEX_POINT('',#2005);
#684=VERTEX_POINT('',#2007);
#685=VERTEX_POINT('',#2009);
#686=VERTEX_POINT('',#2011);
#687=VERTEX_POINT('',#2013);
#688=VERTEX_POINT('',#2015);
#689=VERTEX_POINT('',#2019);
#690=VERTEX_POINT('',#2021);
#691=VERTEX_POINT('',#2023);
#692=VERTEX_POINT('',#2025);
#693=VERTEX_POINT('',#2027);
#694=VERTEX_POINT('',#2029);
#695=VERTEX_POINT('',#2031);
#696=VERTEX_POINT('',#2033);
#697=VERTEX_POINT('',#2037);
#698=VERTEX_POINT('',#2038);
#699=VERTEX_POINT('',#2040);
#700=VERTEX_POINT('',#2042);
#701=VERTEX_POINT('',#2044);
#702=VERTEX_POINT('',#2046);
#703=VERTEX_POINT('',#2048);
#704=VERTEX_POINT('',#2050);
#705=VERTEX_POINT('',#2053);
#706=VERTEX_POINT('',#2055);
#707=VERTEX_POINT('',#2060);
#708=VERTEX_POINT('',#2061);
#709=VERTEX_POINT('',#2063);
#710=VERTEX_POINT('',#2065);
#711=VERTEX_POINT('',#2068);
#712=VERTEX_POINT('',#2070);
#713=VERTEX_POINT('',#2072);
#714=VERTEX_POINT('',#2073);
#715=VERTEX_POINT('',#2075);
#716=VERTEX_POINT('',#2077);
#717=VERTEX_POINT('',#2079);
#718=VERTEX_POINT('',#2081);
#719=VERTEX_POINT('',#2083);
#720=VERTEX_POINT('',#2085);
#721=VERTEX_POINT('',#2088);
#722=VERTEX_POINT('',#2089);
#723=VERTEX_POINT('',#2091);
#724=VERTEX_POINT('',#2093);
#725=VERTEX_POINT('',#2095);
#726=VERTEX_POINT('',#2097);
#727=VERTEX_POINT('',#2099);
#728=VERTEX_POINT('',#2102);
#729=VERTEX_POINT('',#2103);
#730=VERTEX_POINT('',#2105);
#731=VERTEX_POINT('',#2107);
#732=VERTEX_POINT('',#2111);
#733=VERTEX_POINT('',#2112);
#734=VERTEX_POINT('',#2114);
#735=VERTEX_POINT('',#2116);
#736=VERTEX_POINT('',#2119);
#737=VERTEX_POINT('',#2120);
#738=VERTEX_POINT('',#2122);
#739=VERTEX_POINT('',#2124);
#740=VERTEX_POINT('',#2126);
#741=VERTEX_POINT('',#2128);
#742=VERTEX_POINT('',#2130);
#743=VERTEX_POINT('',#2132);
#744=VERTEX_POINT('',#2134);
#745=VERTEX_POINT('',#2136);
#746=VERTEX_POINT('',#2138);
#747=VERTEX_POINT('',#2140);
#748=VERTEX_POINT('',#2142);
#749=VERTEX_POINT('',#2144);
#750=VERTEX_POINT('',#2146);
#751=VERTEX_POINT('',#2148);
#752=VERTEX_POINT('',#2150);
#753=VERTEX_POINT('',#2152);
#754=VERTEX_POINT('',#2154);
#755=VERTEX_POINT('',#2156);
#756=VERTEX_POINT('',#2160);
#757=VERTEX_POINT('',#2161);
#758=VERTEX_POINT('',#2164);
#759=VERTEX_POINT('',#2166);
#760=VERTEX_POINT('',#2169);
#761=VERTEX_POINT('',#2171);
#762=VERTEX_POINT('',#2176);
#763=VERTEX_POINT('',#2178);
#764=VERTEX_POINT('',#2182);
#765=VERTEX_POINT('',#2184);
#766=VERTEX_POINT('',#2189);
#767=VERTEX_POINT('',#2191);
#768=VERTEX_POINT('',#2195);
#769=VERTEX_POINT('',#2197);
#770=VERTEX_POINT('',#2199);
#771=VERTEX_POINT('',#2201);
#772=VERTEX_POINT('',#2203);
#773=VERTEX_POINT('',#2207);
#774=VERTEX_POINT('',#2208);
#775=VERTEX_POINT('',#2214);
#776=VERTEX_POINT('',#2220);
#777=VERTEX_POINT('',#2222);
#778=VERTEX_POINT('',#2224);
#779=VERTEX_POINT('',#2226);
#780=VERTEX_POINT('',#2228);
#781=VERTEX_POINT('',#2233);
#782=VERTEX_POINT('',#2237);
#783=VERTEX_POINT('',#2244);
#784=VERTEX_POINT('',#2248);
#785=VERTEX_POINT('',#2255);
#786=VERTEX_POINT('',#2259);
#787=VERTEX_POINT('',#2260);
#788=VERTEX_POINT('',#2263);
#789=VERTEX_POINT('',#2266);
#790=VERTEX_POINT('',#2268);
#791=VERTEX_POINT('',#2275);
#792=VERTEX_POINT('',#2278);
#793=VERTEX_POINT('',#2280);
#794=VERTEX_POINT('',#2288);
#795=VERTEX_POINT('',#2291);
#796=VERTEX_POINT('',#2293);
#797=VERTEX_POINT('',#2301);
#798=VERTEX_POINT('',#2304);
#799=VERTEX_POINT('',#2308);
#800=VERTEX_POINT('',#2314);
#801=VERTEX_POINT('',#2317);
#802=VERTEX_POINT('',#2321);
#803=VERTEX_POINT('',#2327);
#804=VERTEX_POINT('',#2361);
#805=VERTEX_POINT('',#2363);
#806=VERTEX_POINT('',#2367);
#807=VERTEX_POINT('',#2371);
#808=VERTEX_POINT('',#2378);
#809=VERTEX_POINT('',#2380);
#810=VERTEX_POINT('',#2384);
#811=VERTEX_POINT('',#2388);
#812=VERTEX_POINT('',#2395);
#813=LINE('',#1988,#971);
#814=LINE('',#1991,#972);
#815=LINE('',#1993,#973);
#816=LINE('',#1995,#974);
#817=LINE('',#1997,#975);
#818=LINE('',#2000,#976);
#819=LINE('',#2002,#977);
#820=LINE('',#2004,#978);
#821=LINE('',#2006,#979);
#822=LINE('',#2008,#980);
#823=LINE('',#2010,#981);
#824=LINE('',#2012,#982);
#825=LINE('',#2014,#983);
#826=LINE('',#2016,#984);
#827=LINE('',#2018,#985);
#828=LINE('',#2020,#986);
#829=LINE('',#2022,#987);
#830=LINE('',#2024,#988);
#831=LINE('',#2026,#989);
#832=LINE('',#2028,#990);
#833=LINE('',#2030,#991);
#834=LINE('',#2032,#992);
#835=LINE('',#2034,#993);
#836=LINE('',#2036,#994);
#837=LINE('',#2041,#995);
#838=LINE('',#2045,#996);
#839=LINE('',#2049,#997);
#840=LINE('',#2056,#998);
#841=LINE('',#2057,#999);
#842=LINE('',#2059,#1000);
#843=LINE('',#2062,#1001);
#844=LINE('',#2064,#1002);
#845=LINE('',#2066,#1003);
#846=LINE('',#2071,#1004);
#847=LINE('',#2076,#1005);
#848=LINE('',#2080,#1006);
#849=LINE('',#2084,#1007);
#850=LINE('',#2087,#1008);
#851=LINE('',#2092,#1009);
#852=LINE('',#2096,#1010);
#853=LINE('',#2100,#1011);
#854=LINE('',#2101,#1012);
#855=LINE('',#2104,#1013);
#856=LINE('',#2106,#1014);
#857=LINE('',#2108,#1015);
#858=LINE('',#2110,#1016);
#859=LINE('',#2113,#1017);
#860=LINE('',#2115,#1018);
#861=LINE('',#2117,#1019);
#862=LINE('',#2121,#1020);
#863=LINE('',#2123,#1021);
#864=LINE('',#2125,#1022);
#865=LINE('',#2127,#1023);
#866=LINE('',#2129,#1024);
#867=LINE('',#2133,#1025);
#868=LINE('',#2135,#1026);
#869=LINE('',#2137,#1027);
#870=LINE('',#2141,#1028);
#871=LINE('',#2143,#1029);
#872=LINE('',#2145,#1030);
#873=LINE('',#2147,#1031);
#874=LINE('',#2149,#1032);
#875=LINE('',#2153,#1033);
#876=LINE('',#2155,#1034);
#877=LINE('',#2157,#1035);
#878=LINE('',#2159,#1036);
#879=LINE('',#2162,#1037);
#880=LINE('',#2163,#1038);
#881=LINE('',#2165,#1039);
#882=LINE('',#2167,#1040);
#883=LINE('',#2168,#1041);
#884=LINE('',#2170,#1042);
#885=LINE('',#2172,#1043);
#886=LINE('',#2173,#1044);
#887=LINE('',#2175,#1045);
#888=LINE('',#2177,#1046);
#889=LINE('',#2179,#1047);
#890=LINE('',#2180,#1048);
#891=LINE('',#2181,#1049);
#892=LINE('',#2183,#1050);
#893=LINE('',#2185,#1051);
#894=LINE('',#2186,#1052);
#895=LINE('',#2188,#1053);
#896=LINE('',#2190,#1054);
#897=LINE('',#2192,#1055);
#898=LINE('',#2196,#1056);
#899=LINE('',#2198,#1057);
#900=LINE('',#2202,#1058);
#901=LINE('',#2206,#1059);
#902=LINE('',#2210,#1060);
#903=LINE('',#2213,#1061);
#904=LINE('',#2215,#1062);
#905=LINE('',#2216,#1063);
#906=LINE('',#2217,#1064);
#907=LINE('',#2232,#1065);
#908=LINE('',#2234,#1066);
#909=LINE('',#2236,#1067);
#910=LINE('',#2238,#1068);
#911=LINE('',#2240,#1069);
#912=LINE('',#2243,#1070);
#913=LINE('',#2245,#1071);
#914=LINE('',#2247,#1072);
#915=LINE('',#2249,#1073);
#916=LINE('',#2251,#1074);
#917=LINE('',#2254,#1075);
#918=LINE('',#2256,#1076);
#919=LINE('',#2258,#1077);
#920=LINE('',#2261,#1078);
#921=LINE('',#2262,#1079);
#922=LINE('',#2264,#1080);
#923=LINE('',#2265,#1081);
#924=LINE('',#2267,#1082);
#925=LINE('',#2269,#1083);
#926=LINE('',#2270,#1084);
#927=LINE('',#2272,#1085);
#928=LINE('',#2277,#1086);
#929=LINE('',#2281,#1087);
#930=LINE('',#2283,#1088);
#931=LINE('',#2285,#1089);
#932=LINE('',#2290,#1090);
#933=LINE('',#2294,#1091);
#934=LINE('',#2296,#1092);
#935=LINE('',#2298,#1093);
#936=LINE('',#2303,#1094);
#937=LINE('',#2305,#1095);
#938=LINE('',#2307,#1096);
#939=LINE('',#2311,#1097);
#940=LINE('',#2316,#1098);
#941=LINE('',#2318,#1099);
#942=LINE('',#2320,#1100);
#943=LINE('',#2322,#1101);
#944=LINE('',#2342,#1102);
#945=LINE('',#2343,#1103);
#946=LINE('',#2345,#1104);
#947=LINE('',#2347,#1105);
#948=LINE('',#2349,#1106);
#949=LINE('',#2351,#1107);
#950=LINE('',#2353,#1108);
#951=LINE('',#2355,#1109);
#952=LINE('',#2360,#1110);
#953=LINE('',#2362,#1111);
#954=LINE('',#2364,#1112);
#955=LINE('',#2366,#1113);
#956=LINE('',#2368,#1114);
#957=LINE('',#2370,#1115);
#958=LINE('',#2372,#1116);
#959=LINE('',#2374,#1117);
#960=LINE('',#2377,#1118);
#961=LINE('',#2379,#1119);
#962=LINE('',#2381,#1120);
#963=LINE('',#2383,#1121);
#964=LINE('',#2385,#1122);
#965=LINE('',#2387,#1123);
#966=LINE('',#2389,#1124);
#967=LINE('',#2391,#1125);
#968=LINE('',#2394,#1126);
#969=LINE('',#2396,#1127);
#970=LINE('',#2398,#1128);
#971=VECTOR('',#1596,1.);
#972=VECTOR('',#1597,1.);
#973=VECTOR('',#1598,1.);
#974=VECTOR('',#1599,1.);
#975=VECTOR('',#1602,1.);
#976=VECTOR('',#1603,1.);
#977=VECTOR('',#1604,1.);
#978=VECTOR('',#1605,1.);
#979=VECTOR('',#1606,1.);
#980=VECTOR('',#1607,1.);
#981=VECTOR('',#1608,1.);
#982=VECTOR('',#1609,1.);
#983=VECTOR('',#1610,1.);
#984=VECTOR('',#1611,1.);
#985=VECTOR('',#1614,1.);
#986=VECTOR('',#1615,1.);
#987=VECTOR('',#1616,1.);
#988=VECTOR('',#1617,1.);
#989=VECTOR('',#1618,1.);
#990=VECTOR('',#1619,1.);
#991=VECTOR('',#1620,1.);
#992=VECTOR('',#1621,1.);
#993=VECTOR('',#1622,1.);
#994=VECTOR('',#1625,1.);
#995=VECTOR('',#1628,1.);
#996=VECTOR('',#1631,1.);
#997=VECTOR('',#1634,1.);
#998=VECTOR('',#1641,1.);
#999=VECTOR('',#1642,1.);
#1000=VECTOR('',#1645,1.);
#1001=VECTOR('',#1646,1.);
#1002=VECTOR('',#1647,1.);
#1003=VECTOR('',#1648,1.);
#1004=VECTOR('',#1653,1.);
#1005=VECTOR('',#1656,1.);
#1006=VECTOR('',#1659,1.);
#1007=VECTOR('',#1662,1.);
#1008=VECTOR('',#1665,1.);
#1009=VECTOR('',#1668,1.);
#1010=VECTOR('',#1671,1.);
#1011=VECTOR('',#1674,1.);
#1012=VECTOR('',#1675,1.);
#1013=VECTOR('',#1676,1.);
#1014=VECTOR('',#1677,1.);
#1015=VECTOR('',#1678,1.);
#1016=VECTOR('',#1681,1.);
#1017=VECTOR('',#1682,1.);
#1018=VECTOR('',#1683,1.);
#1019=VECTOR('',#1684,1.);
#1020=VECTOR('',#1687,1.);
#1021=VECTOR('',#1688,1.);
#1022=VECTOR('',#1689,1.);
#1023=VECTOR('',#1690,1.);
#1024=VECTOR('',#1691,1.);
#1025=VECTOR('',#1694,1.);
#1026=VECTOR('',#1695,1.);
#1027=VECTOR('',#1696,1.);
#1028=VECTOR('',#1699,1.);
#1029=VECTOR('',#1700,1.);
#1030=VECTOR('',#1701,1.);
#1031=VECTOR('',#1702,1.);
#1032=VECTOR('',#1703,1.);
#1033=VECTOR('',#1706,1.);
#1034=VECTOR('',#1707,1.);
#1035=VECTOR('',#1708,1.);
#1036=VECTOR('',#1711,1.);
#1037=VECTOR('',#1712,1.);
#1038=VECTOR('',#1713,1.);
#1039=VECTOR('',#1714,1.);
#1040=VECTOR('',#1715,1.);
#1041=VECTOR('',#1716,1.);
#1042=VECTOR('',#1717,1.);
#1043=VECTOR('',#1718,1.);
#1044=VECTOR('',#1719,1.);
#1045=VECTOR('',#1722,1.);
#1046=VECTOR('',#1723,1.);
#1047=VECTOR('',#1724,1.);
#1048=VECTOR('',#1725,1.);
#1049=VECTOR('',#1726,1.);
#1050=VECTOR('',#1727,1.);
#1051=VECTOR('',#1728,1.);
#1052=VECTOR('',#1729,1.);
#1053=VECTOR('',#1732,1.);
#1054=VECTOR('',#1733,1.);
#1055=VECTOR('',#1734,1.);
#1056=VECTOR('',#1739,1.);
#1057=VECTOR('',#1740,1.);
#1058=VECTOR('',#1743,1.);
#1059=VECTOR('',#1748,1.);
#1060=VECTOR('',#1751,1.);
#1061=VECTOR('',#1756,1.);
#1062=VECTOR('',#1757,1.);
#1063=VECTOR('',#1758,1.);
#1064=VECTOR('',#1759,1.);
#1065=VECTOR('',#1778,1.);
#1066=VECTOR('',#1779,1.);
#1067=VECTOR('',#1782,1.);
#1068=VECTOR('',#1783,1.);
#1069=VECTOR('',#1786,1.);
#1070=VECTOR('',#1791,1.);
#1071=VECTOR('',#1792,1.);
#1072=VECTOR('',#1795,1.);
#1073=VECTOR('',#1796,1.);
#1074=VECTOR('',#1799,1.);
#1075=VECTOR('',#1804,1.);
#1076=VECTOR('',#1805,1.);
#1077=VECTOR('',#1808,1.);
#1078=VECTOR('',#1809,1.);
#1079=VECTOR('',#1810,1.);
#1080=VECTOR('',#1811,1.);
#1081=VECTOR('',#1812,1.);
#1082=VECTOR('',#1813,1.);
#1083=VECTOR('',#1814,1.);
#1084=VECTOR('',#1815,1.);
#1085=VECTOR('',#1818,1.);
#1086=VECTOR('',#1825,1.);
#1087=VECTOR('',#1828,1.);
#1088=VECTOR('',#1831,1.);
#1089=VECTOR('',#1834,1.);
#1090=VECTOR('',#1841,1.);
#1091=VECTOR('',#1844,1.);
#1092=VECTOR('',#1847,1.);
#1093=VECTOR('',#1850,1.);
#1094=VECTOR('',#1857,1.);
#1095=VECTOR('',#1858,1.);
#1096=VECTOR('',#1861,1.);
#1097=VECTOR('',#1866,1.);
#1098=VECTOR('',#1873,1.);
#1099=VECTOR('',#1874,1.);
#1100=VECTOR('',#1877,1.);
#1101=VECTOR('',#1878,1.);
#1102=VECTOR('',#1915,1.);
#1103=VECTOR('',#1916,1.);
#1104=VECTOR('',#1919,1.);
#1105=VECTOR('',#1922,1.);
#1106=VECTOR('',#1925,1.);
#1107=VECTOR('',#1928,1.);
#1108=VECTOR('',#1931,1.);
#1109=VECTOR('',#1934,1.);
#1110=VECTOR('',#1943,1.);
#1111=VECTOR('',#1944,1.);
#1112=VECTOR('',#1945,1.);
#1113=VECTOR('',#1948,1.);
#1114=VECTOR('',#1949,1.);
#1115=VECTOR('',#1952,1.);
#1116=VECTOR('',#1953,1.);
#1117=VECTOR('',#1956,1.);
#1118=VECTOR('',#1961,1.);
#1119=VECTOR('',#1962,1.);
#1120=VECTOR('',#1963,1.);
#1121=VECTOR('',#1966,1.);
#1122=VECTOR('',#1967,1.);
#1123=VECTOR('',#1970,1.);
#1124=VECTOR('',#1971,1.);
#1125=VECTOR('',#1974,1.);
#1126=VECTOR('',#1979,1.);
#1127=VECTOR('',#1980,1.);
#1128=VECTOR('',#1983,1.);
#1129=EDGE_LOOP('',(#75,#76,#77,#78));
#1130=EDGE_LOOP('',(#79,#80,#81,#82,#83,#84,#85,#86,#87,#88));
#1131=EDGE_LOOP('',(#89,#90,#91,#92,#93,#94,#95,#96,#97,#98));
#1132=EDGE_LOOP('',(#99,#100,#101,#102,#103,#104,#105,#106));
#1133=EDGE_LOOP('',(#107));
#1134=EDGE_LOOP('',(#108));
#1135=EDGE_LOOP('',(#109,#110,#111,#112));
#1136=EDGE_LOOP('',(#113,#114,#115,#116));
#1137=EDGE_LOOP('',(#117));
#1138=EDGE_LOOP('',(#118));
#1139=EDGE_LOOP('',(#119,#120,#121,#122,#123,#124,#125,#126));
#1140=EDGE_LOOP('',(#127,#128,#129,#130,#131,#132,#133));
#1141=EDGE_LOOP('',(#134,#135,#136,#137));
#1142=EDGE_LOOP('',(#138,#139,#140,#141));
#1143=EDGE_LOOP('',(#142,#143,#144,#145,#146,#147,#148,#149,#150,#151,#152,#153,#154,#155,#156,#157,#158,#159,#160,#161));
#1144=EDGE_LOOP('',(#162,#163,#164,#165,#166,#167,#168,#169,#170,#171,#172,#173));
#1145=EDGE_LOOP('',(#174,#175,#176,#177,#178,#179,#180,#181,#182,#183,#184,#185));
#1146=EDGE_LOOP('',(#186,#187,#188,#189));
#1147=EDGE_LOOP('',(#190,#191,#192,#193,#194,#195,#196));
#1148=EDGE_LOOP('',(#197,#198,#199,#200,#201,#202));
#1149=EDGE_LOOP('',(#203,#204,#205,#206,#207,#208));
#1150=EDGE_LOOP('',(#209,#210,#211,#212));
#1151=EDGE_LOOP('',(#213));
#1152=EDGE_LOOP('',(#214));
#1153=EDGE_LOOP('',(#215));
#1154=EDGE_LOOP('',(#216));
#1155=EDGE_LOOP('',(#217));
#1156=EDGE_LOOP('',(#218,#219,#220,#221));
#1157=EDGE_LOOP('',(#222,#223,#224,#225));
#1158=EDGE_LOOP('',(#226,#227,#228,#229));
#1159=EDGE_LOOP('',(#230,#231,#232,#233));
#1160=EDGE_LOOP('',(#234,#235,#236,#237));
#1161=EDGE_LOOP('',(#238,#239,#240,#241));
#1162=EDGE_LOOP('',(#242,#243,#244,#245));
#1163=EDGE_LOOP('',(#246,#247,#248,#249));
#1164=EDGE_LOOP('',(#250,#251,#252,#253));
#1165=EDGE_LOOP('',(#254,#255,#256,#257));
#1166=EDGE_LOOP('',(#258,#259,#260,#261));
#1167=EDGE_LOOP('',(#262,#263,#264,#265));
#1168=EDGE_LOOP('',(#266,#267,#268,#269,#270,#271,#272,#273,#274,#275,#276,#277));
#1169=EDGE_LOOP('',(#278,#279,#280,#281));
#1170=EDGE_LOOP('',(#282));
#1171=EDGE_LOOP('',(#283,#284,#285,#286));
#1172=EDGE_LOOP('',(#287,#288,#289,#290));
#1173=EDGE_LOOP('',(#291,#292,#293,#294));
#1174=EDGE_LOOP('',(#295,#296,#297,#298));
#1175=EDGE_LOOP('',(#299));
#1176=EDGE_LOOP('',(#300,#301,#302,#303));
#1177=EDGE_LOOP('',(#304,#305,#306,#307));
#1178=EDGE_LOOP('',(#308,#309,#310,#311));
#1179=EDGE_LOOP('',(#312,#313,#314,#315));
#1180=EDGE_LOOP('',(#316));
#1181=EDGE_LOOP('',(#317,#318,#319,#320));
#1182=EDGE_LOOP('',(#321,#322,#323,#324));
#1183=EDGE_LOOP('',(#325,#326,#327,#328));
#1184=EDGE_LOOP('',(#329,#330,#331,#332));
#1185=EDGE_LOOP('',(#333));
#1186=EDGE_LOOP('',(#334,#335,#336,#337));
#1187=EDGE_LOOP('',(#338,#339,#340,#341));
#1188=EDGE_LOOP('',(#342,#343,#344,#345));
#1189=EDGE_LOOP('',(#346,#347,#348,#349));
#1190=EDGE_LOOP('',(#350));
#1191=EDGE_LOOP('',(#351,#352,#353,#354));
#1192=EDGE_LOOP('',(#355));
#1193=EDGE_LOOP('',(#356));
#1194=EDGE_LOOP('',(#357));
#1195=EDGE_LOOP('',(#358));
#1196=EDGE_LOOP('',(#359));
#1197=EDGE_LOOP('',(#360));
#1198=EDGE_LOOP('',(#361));
#1199=EDGE_LOOP('',(#362));
#1200=EDGE_LOOP('',(#363));
#1201=EDGE_LOOP('',(#364));
#1202=EDGE_LOOP('',(#365,#366,#367,#368));
#1203=EDGE_LOOP('',(#369,#370,#371,#372,#373));
#1204=EDGE_LOOP('',(#374,#375,#376,#377,#378));
#1205=EDGE_LOOP('',(#379,#380,#381,#382,#383,#384));
#1206=EDGE_LOOP('',(#385,#386,#387,#388));
#1207=EDGE_LOOP('',(#389,#390,#391,#392));
#1208=EDGE_LOOP('',(#393,#394,#395,#396));
#1209=EDGE_LOOP('',(#397,#398,#399,#400));
#1210=EDGE_LOOP('',(#401,#402,#403,#404));
#1211=EDGE_LOOP('',(#405,#406,#407,#408));
#1212=EDGE_LOOP('',(#409,#410,#411,#412));
#1213=EDGE_LOOP('',(#413,#414,#415,#416));
#1214=EDGE_LOOP('',(#417));
#1215=EDGE_LOOP('',(#418));
#1216=EDGE_LOOP('',(#419));
#1217=EDGE_LOOP('',(#420));
#1218=EDGE_LOOP('',(#421,#422,#423,#424));
#1219=EDGE_LOOP('',(#425,#426,#427,#428));
#1220=EDGE_LOOP('',(#429,#430,#431,#432));
#1221=EDGE_LOOP('',(#433,#434,#435,#436));
#1222=EDGE_LOOP('',(#437,#438,#439,#440));
#1223=EDGE_LOOP('',(#441,#442,#443,#444));
#1224=EDGE_LOOP('',(#445,#446,#447,#448));
#1225=EDGE_LOOP('',(#449,#450,#451,#452));
#1226=EDGE_LOOP('',(#453,#454,#455,#456));
#1227=EDGE_LOOP('',(#457,#458,#459,#460));
#1228=EDGE_LOOP('',(#461,#462,#463,#464,#465,#466));
#1229=EDGE_LOOP('',(#467,#468,#469,#470));
#1230=EDGE_LOOP('',(#471,#472,#473,#474));
#1231=FACE_BOUND('',#1129,.T.);
#1232=FACE_BOUND('',#1130,.T.);
#1233=FACE_BOUND('',#1131,.T.);
#1234=FACE_BOUND('',#1132,.T.);
#1235=FACE_BOUND('',#1133,.T.);
#1236=FACE_BOUND('',#1134,.T.);
#1237=FACE_BOUND('',#1135,.T.);
#1238=FACE_BOUND('',#1136,.T.);
#1239=FACE_BOUND('',#1137,.T.);
#1240=FACE_BOUND('',#1138,.T.);
#1241=FACE_BOUND('',#1139,.T.);
#1242=FACE_BOUND('',#1140,.T.);
#1243=FACE_BOUND('',#1141,.T.);
#1244=FACE_BOUND('',#1142,.T.);
#1245=FACE_BOUND('',#1143,.T.);
#1246=FACE_BOUND('',#1144,.T.);
#1247=FACE_BOUND('',#1145,.T.);
#1248=FACE_BOUND('',#1146,.T.);
#1249=FACE_BOUND('',#1147,.T.);
#1250=FACE_BOUND('',#1148,.T.);
#1251=FACE_BOUND('',#1149,.T.);
#1252=FACE_BOUND('',#1150,.T.);
#1253=FACE_BOUND('',#1151,.T.);
#1254=FACE_BOUND('',#1152,.T.);
#1255=FACE_BOUND('',#1153,.T.);
#1256=FACE_BOUND('',#1154,.T.);
#1257=FACE_BOUND('',#1155,.T.);
#1258=FACE_BOUND('',#1156,.T.);
#1259=FACE_BOUND('',#1157,.T.);
#1260=FACE_BOUND('',#1158,.T.);
#1261=FACE_BOUND('',#1159,.T.);
#1262=FACE_BOUND('',#1160,.T.);
#1263=FACE_BOUND('',#1161,.T.);
#1264=FACE_BOUND('',#1162,.T.);
#1265=FACE_BOUND('',#1163,.T.);
#1266=FACE_BOUND('',#1164,.T.);
#1267=FACE_BOUND('',#1165,.T.);
#1268=FACE_BOUND('',#1166,.T.);
#1269=FACE_BOUND('',#1167,.T.);
#1270=FACE_BOUND('',#1168,.T.);
#1271=FACE_BOUND('',#1169,.T.);
#1272=FACE_BOUND('',#1170,.T.);
#1273=FACE_BOUND('',#1171,.T.);
#1274=FACE_BOUND('',#1172,.T.);
#1275=FACE_BOUND('',#1173,.T.);
#1276=FACE_BOUND('',#1174,.T.);
#1277=FACE_BOUND('',#1175,.T.);
#1278=FACE_BOUND('',#1176,.T.);
#1279=FACE_BOUND('',#1177,.T.);
#1280=FACE_BOUND('',#1178,.T.);
#1281=FACE_BOUND('',#1179,.T.);
#1282=FACE_BOUND('',#1180,.T.);
#1283=FACE_BOUND('',#1181,.T.);
#1284=FACE_BOUND('',#1182,.T.);
#1285=FACE_BOUND('',#1183,.T.);
#1286=FACE_BOUND('',#1184,.T.);
#1287=FACE_BOUND('',#1185,.T.);
#1288=FACE_BOUND('',#1186,.T.);
#1289=FACE_BOUND('',#1187,.T.);
#1290=FACE_BOUND('',#1188,.T.);
#1291=FACE_BOUND('',#1189,.T.);
#1292=FACE_BOUND('',#1190,.T.);
#1293=FACE_BOUND('',#1191,.T.);
#1294=FACE_BOUND('',#1192,.T.);
#1295=FACE_BOUND('',#1193,.T.);
#1296=FACE_BOUND('',#1194,.T.);
#1297=FACE_BOUND('',#1195,.T.);
#1298=FACE_BOUND('',#1196,.T.);
#1299=FACE_BOUND('',#1197,.T.);
#1300=FACE_BOUND('',#1198,.T.);
#1301=FACE_BOUND('',#1199,.T.);
#1302=FACE_BOUND('',#1200,.T.);
#1303=FACE_BOUND('',#1201,.T.);
#1304=FACE_BOUND('',#1202,.T.);
#1305=FACE_BOUND('',#1203,.T.);
#1306=FACE_BOUND('',#1204,.T.);
#1307=FACE_BOUND('',#1205,.T.);
#1308=FACE_BOUND('',#1206,.T.);
#1309=FACE_BOUND('',#1207,.T.);
#1310=FACE_BOUND('',#1208,.T.);
#1311=FACE_BOUND('',#1209,.T.);
#1312=FACE_BOUND('',#1210,.T.);
#1313=FACE_BOUND('',#1211,.T.);
#1314=FACE_BOUND('',#1212,.T.);
#1315=FACE_BOUND('',#1213,.T.);
#1316=FACE_BOUND('',#1214,.T.);
#1317=FACE_BOUND('',#1215,.T.);
#1318=FACE_BOUND('',#1216,.T.);
#1319=FACE_BOUND('',#1217,.T.);
#1320=FACE_BOUND('',#1218,.T.);
#1321=FACE_BOUND('',#1219,.T.);
#1322=FACE_BOUND('',#1220,.T.);
#1323=FACE_BOUND('',#1221,.T.);
#1324=FACE_BOUND('',#1222,.T.);
#1325=FACE_BOUND('',#1223,.T.);
#1326=FACE_BOUND('',#1224,.T.);
#1327=FACE_BOUND('',#1225,.T.);
#1328=FACE_BOUND('',#1226,.T.);
#1329=FACE_BOUND('',#1227,.T.);
#1330=FACE_BOUND('',#1228,.T.);
#1331=FACE_BOUND('',#1229,.T.);
#1332=FACE_BOUND('',#1230,.T.);
#1333=PLANE('',#1475);
#1334=PLANE('',#1476);
#1335=PLANE('',#1477);
#1336=PLANE('',#1478);
#1337=PLANE('',#1485);
#1338=PLANE('',#1495);
#1339=PLANE('',#1500);
#1340=PLANE('',#1501);
#1341=PLANE('',#1502);
#1342=PLANE('',#1503);
#1343=PLANE('',#1507);
#1344=PLANE('',#1510);
#1345=PLANE('',#1511);
#1346=PLANE('',#1519);
#1347=PLANE('',#1520);
#1348=PLANE('',#1521);
#1349=PLANE('',#1522);
#1350=PLANE('',#1523);
#1351=PLANE('',#1524);
#1352=PLANE('',#1525);
#1353=PLANE('',#1526);
#1354=PLANE('',#1527);
#1355=PLANE('',#1528);
#1356=PLANE('',#1529);
#1357=PLANE('',#1530);
#1358=PLANE('',#1534);
#1359=PLANE('',#1535);
#1360=PLANE('',#1536);
#1361=PLANE('',#1540);
#1362=PLANE('',#1541);
#1363=PLANE('',#1542);
#1364=PLANE('',#1544);
#1365=PLANE('',#1547);
#1366=PLANE('',#1548);
#1367=PLANE('',#1550);
#1368=PLANE('',#1551);
#1369=PLANE('',#1554);
#1370=PLANE('',#1570);
#1371=PLANE('',#1572);
#1372=PLANE('',#1574);
#1373=PLANE('',#1576);
#1374=PLANE('',#1579);
#1375=PLANE('',#1580);
#1376=PLANE('',#1581);
#1377=PLANE('',#1582);
#1378=PLANE('',#1583);
#1379=PLANE('',#1584);
#1380=PLANE('',#1585);
#1381=PLANE('',#1586);
#1382=PLANE('',#1587);
#1383=PLANE('',#1588);
#1384=PLANE('',#1589);
#1385=PLANE('',#1590);
#1386=PLANE('',#1591);
#1387=ADVANCED_FACE('',(#1231),#1333,.T.);
#1388=ADVANCED_FACE('',(#1232),#1334,.F.);
#1389=ADVANCED_FACE('',(#1233),#1335,.T.);
#1390=ADVANCED_FACE('',(#1234,#1235,#1236,#1237),#1336,.F.);
#1391=ADVANCED_FACE('',(#1238,#1239,#1240,#1241,#1242,#1243),#1337,.F.);
#1392=ADVANCED_FACE('',(#1244,#1245),#1338,.F.);
#1393=ADVANCED_FACE('',(#1246),#1339,.T.);
#1394=ADVANCED_FACE('',(#1247),#1340,.T.);
#1395=ADVANCED_FACE('',(#1248),#1341,.F.);
#1396=ADVANCED_FACE('',(#1249),#1342,.T.);
#1397=ADVANCED_FACE('',(#1250),#1343,.T.);
#1398=ADVANCED_FACE('',(#1251,#1252),#1344,.T.);
#1399=ADVANCED_FACE('',(#1253,#1254,#1255,#1256,#1257,#1258),#1345,.T.);
#1400=ADVANCED_FACE('',(#1259),#12,.T.);
#1401=ADVANCED_FACE('',(#1260),#13,.T.);
#1402=ADVANCED_FACE('',(#1261),#1346,.T.);
#1403=ADVANCED_FACE('',(#1262),#1347,.F.);
#1404=ADVANCED_FACE('',(#1263),#1348,.T.);
#1405=ADVANCED_FACE('',(#1264),#1349,.T.);
#1406=ADVANCED_FACE('',(#1265),#1350,.F.);
#1407=ADVANCED_FACE('',(#1266),#1351,.F.);
#1408=ADVANCED_FACE('',(#1267),#1352,.T.);
#1409=ADVANCED_FACE('',(#1268),#1353,.T.);
#1410=ADVANCED_FACE('',(#1269),#1354,.T.);
#1411=ADVANCED_FACE('',(#1270),#1355,.F.);
#1412=ADVANCED_FACE('',(#1271),#1356,.F.);
#1413=ADVANCED_FACE('',(#1272,#1273),#1357,.T.);
#1414=ADVANCED_FACE('',(#1274),#14,.F.);
#1415=ADVANCED_FACE('',(#1275),#1358,.F.);
#1416=ADVANCED_FACE('',(#1276),#1359,.T.);
#1417=ADVANCED_FACE('',(#1277,#1278),#1360,.T.);
#1418=ADVANCED_FACE('',(#1279),#15,.F.);
#1419=ADVANCED_FACE('',(#1280),#1361,.F.);
#1420=ADVANCED_FACE('',(#1281),#1362,.F.);
#1421=ADVANCED_FACE('',(#1282,#1283),#1363,.T.);
#1422=ADVANCED_FACE('',(#1284),#1364,.T.);
#1423=ADVANCED_FACE('',(#1285),#16,.F.);
#1424=ADVANCED_FACE('',(#1286),#1365,.F.);
#1425=ADVANCED_FACE('',(#1287,#1288),#1366,.T.);
#1426=ADVANCED_FACE('',(#1289),#1367,.F.);
#1427=ADVANCED_FACE('',(#1290),#1368,.T.);
#1428=ADVANCED_FACE('',(#1291),#17,.F.);
#1429=ADVANCED_FACE('',(#1292,#1293),#1369,.T.);
#1430=ADVANCED_FACE('',(#1294,#1295),#18,.F.);
#1431=ADVANCED_FACE('',(#1296,#1297),#19,.F.);
#1432=ADVANCED_FACE('',(#1298,#1299),#20,.F.);
#1433=ADVANCED_FACE('',(#1300,#1301),#21,.F.);
#1434=ADVANCED_FACE('',(#1302,#1303),#22,.F.);
#1435=ADVANCED_FACE('',(#1304),#23,.T.);
#1436=ADVANCED_FACE('',(#1305),#24,.T.);
#1437=ADVANCED_FACE('',(#1306),#25,.T.);
#1438=ADVANCED_FACE('',(#1307),#26,.T.);
#1439=ADVANCED_FACE('',(#1308),#27,.F.);
#1440=ADVANCED_FACE('',(#1309),#1370,.T.);
#1441=ADVANCED_FACE('',(#1310),#28,.F.);
#1442=ADVANCED_FACE('',(#1311),#1371,.T.);
#1443=ADVANCED_FACE('',(#1312),#29,.F.);
#1444=ADVANCED_FACE('',(#1313),#1372,.F.);
#1445=ADVANCED_FACE('',(#1314),#30,.F.);
#1446=ADVANCED_FACE('',(#1315),#1373,.F.);
#1447=ADVANCED_FACE('',(#1316,#1317),#31,.F.);
#1448=ADVANCED_FACE('',(#1318,#1319),#32,.F.);
#1449=ADVANCED_FACE('',(#1320),#1374,.T.);
#1450=ADVANCED_FACE('',(#1321),#1375,.F.);
#1451=ADVANCED_FACE('',(#1322),#1376,.F.);
#1452=ADVANCED_FACE('',(#1323),#1377,.T.);
#1453=ADVANCED_FACE('',(#1324),#1378,.T.);
#1454=ADVANCED_FACE('',(#1325),#1379,.T.);
#1455=ADVANCED_FACE('',(#1326),#1380,.F.);
#1456=ADVANCED_FACE('',(#1327),#1381,.F.);
#1457=ADVANCED_FACE('',(#1328),#1382,.T.);
#1458=ADVANCED_FACE('',(#1329),#1383,.T.);
#1459=ADVANCED_FACE('',(#1330),#1384,.F.);
#1460=ADVANCED_FACE('',(#1331),#1385,.F.);
#1461=ADVANCED_FACE('',(#1332),#1386,.T.);
#1462=CLOSED_SHELL('',(#1387,#1388,#1389,#1390,#1391,#1392,#1393,#1394,#1395,#1396,#1397,#1398,#1399,#1400,#1401,#1402,#1403,#1404,#1405,#1406,#1407,#1408,#1409,#1410,#1411,#1412,#1413,#1414,#1415,#1416,#1417,#1418,#1419,#1420,#1421,#1422,#1423,#1424,#1425,#1426,#1427,#1428,#1429,#1430,#1431,#1432,#1433,#1434,#1435,#1436,#1437,#1438,#1439,#1440,#1441,#1442,#1443,#1444,#1445,#1446,#1447,#1448,#1449,#1450,#1451,#1452,#1453,#1454,#1455,#1456,#1457,#1458,#1459,#1460,#1461));
#1463=STYLED_ITEM('',(#1464),#1471);
#1464=PRESENTATION_STYLE_ASSIGNMENT((#1465));
#1465=SURFACE_STYLE_USAGE(.BOTH.,#1466);
#1466=SURFACE_SIDE_STYLE('',(#1467));
#1467=SURFACE_STYLE_FILL_AREA(#1468);
#1468=FILL_AREA_STYLE('',(#1469));
#1469=FILL_AREA_STYLE_COLOUR('',#1470);
#1470=COLOUR_RGB('',0.615686274509804,0.811764705882353,0.929411764705882);
#1471=MANIFOLD_SOLID_BREP('Part 1',#1462);
#1472=SHAPE_DEFINITION_REPRESENTATION(#2406,#1473);
#1473=SHAPE_REPRESENTATION('Part 1',(#1474),#2401);
#1474=AXIS2_PLACEMENT_3D('',#1986,#1592,#1593);
#1475=AXIS2_PLACEMENT_3D('',#1987,#1594,#1595);
#1476=AXIS2_PLACEMENT_3D('',#1996,#1600,#1601);
#1477=AXIS2_PLACEMENT_3D('',#2017,#1612,#1613);
#1478=AXIS2_PLACEMENT_3D('',#2035,#1623,#1624);
#1479=AXIS2_PLACEMENT_3D('',#2039,#1626,#1627);
#1480=AXIS2_PLACEMENT_3D('',#2043,#1629,#1630);
#1481=AXIS2_PLACEMENT_3D('',#2047,#1632,#1633);
#1482=AXIS2_PLACEMENT_3D('',#2051,#1635,#1636);
#1483=AXIS2_PLACEMENT_3D('',#2052,#1637,#1638);
#1484=AXIS2_PLACEMENT_3D('',#2054,#1639,#1640);
#1485=AXIS2_PLACEMENT_3D('',#2058,#1643,#1644);
#1486=AXIS2_PLACEMENT_3D('',#2067,#1649,#1650);
#1487=AXIS2_PLACEMENT_3D('',#2069,#1651,#1652);
#1488=AXIS2_PLACEMENT_3D('',#2074,#1654,#1655);
#1489=AXIS2_PLACEMENT_3D('',#2078,#1657,#1658);
#1490=AXIS2_PLACEMENT_3D('',#2082,#1660,#1661);
#1491=AXIS2_PLACEMENT_3D('',#2086,#1663,#1664);
#1492=AXIS2_PLACEMENT_3D('',#2090,#1666,#1667);
#1493=AXIS2_PLACEMENT_3D('',#2094,#1669,#1670);
#1494=AXIS2_PLACEMENT_3D('',#2098,#1672,#1673);
#1495=AXIS2_PLACEMENT_3D('',#2109,#1679,#1680);
#1496=AXIS2_PLACEMENT_3D('',#2118,#1685,#1686);
#1497=AXIS2_PLACEMENT_3D('',#2131,#1692,#1693);
#1498=AXIS2_PLACEMENT_3D('',#2139,#1697,#1698);
#1499=AXIS2_PLACEMENT_3D('',#2151,#1704,#1705);
#1500=AXIS2_PLACEMENT_3D('',#2158,#1709,#1710);
#1501=AXIS2_PLACEMENT_3D('',#2174,#1720,#1721);
#1502=AXIS2_PLACEMENT_3D('',#2187,#1730,#1731);
#1503=AXIS2_PLACEMENT_3D('',#2193,#1735,#1736);
#1504=AXIS2_PLACEMENT_3D('',#2194,#1737,#1738);
#1505=AXIS2_PLACEMENT_3D('',#2200,#1741,#1742);
#1506=AXIS2_PLACEMENT_3D('',#2204,#1744,#1745);
#1507=AXIS2_PLACEMENT_3D('',#2205,#1746,#1747);
#1508=AXIS2_PLACEMENT_3D('',#2209,#1749,#1750);
#1509=AXIS2_PLACEMENT_3D('',#2211,#1752,#1753);
#1510=AXIS2_PLACEMENT_3D('',#2212,#1754,#1755);
#1511=AXIS2_PLACEMENT_3D('',#2218,#1760,#1761);
#1512=AXIS2_PLACEMENT_3D('',#2219,#1762,#1763);
#1513=AXIS2_PLACEMENT_3D('',#2221,#1764,#1765);
#1514=AXIS2_PLACEMENT_3D('',#2223,#1766,#1767);
#1515=AXIS2_PLACEMENT_3D('',#2225,#1768,#1769);
#1516=AXIS2_PLACEMENT_3D('',#2227,#1770,#1771);
#1517=AXIS2_PLACEMENT_3D('',#2229,#1772,#1773);
#1518=AXIS2_PLACEMENT_3D('',#2230,#1774,#1775);
#1519=AXIS2_PLACEMENT_3D('',#2231,#1776,#1777);
#1520=AXIS2_PLACEMENT_3D('',#2235,#1780,#1781);
#1521=AXIS2_PLACEMENT_3D('',#2239,#1784,#1785);
#1522=AXIS2_PLACEMENT_3D('',#2241,#1787,#1788);
#1523=AXIS2_PLACEMENT_3D('',#2242,#1789,#1790);
#1524=AXIS2_PLACEMENT_3D('',#2246,#1793,#1794);
#1525=AXIS2_PLACEMENT_3D('',#2250,#1797,#1798);
#1526=AXIS2_PLACEMENT_3D('',#2252,#1800,#1801);
#1527=AXIS2_PLACEMENT_3D('',#2253,#1802,#1803);
#1528=AXIS2_PLACEMENT_3D('',#2257,#1806,#1807);
#1529=AXIS2_PLACEMENT_3D('',#2271,#1816,#1817);
#1530=AXIS2_PLACEMENT_3D('',#2273,#1819,#1820);
#1531=AXIS2_PLACEMENT_3D('',#2274,#1821,#1822);
#1532=AXIS2_PLACEMENT_3D('',#2276,#1823,#1824);
#1533=AXIS2_PLACEMENT_3D('',#2279,#1826,#1827);
#1534=AXIS2_PLACEMENT_3D('',#2282,#1829,#1830);
#1535=AXIS2_PLACEMENT_3D('',#2284,#1832,#1833);
#1536=AXIS2_PLACEMENT_3D('',#2286,#1835,#1836);
#1537=AXIS2_PLACEMENT_3D('',#2287,#1837,#1838);
#1538=AXIS2_PLACEMENT_3D('',#2289,#1839,#1840);
#1539=AXIS2_PLACEMENT_3D('',#2292,#1842,#1843);
#1540=AXIS2_PLACEMENT_3D('',#2295,#1845,#1846);
#1541=AXIS2_PLACEMENT_3D('',#2297,#1848,#1849);
#1542=AXIS2_PLACEMENT_3D('',#2299,#1851,#1852);
#1543=AXIS2_PLACEMENT_3D('',#2300,#1853,#1854);
#1544=AXIS2_PLACEMENT_3D('',#2302,#1855,#1856);
#1545=AXIS2_PLACEMENT_3D('',#2306,#1859,#1860);
#1546=AXIS2_PLACEMENT_3D('',#2309,#1862,#1863);
#1547=AXIS2_PLACEMENT_3D('',#2310,#1864,#1865);
#1548=AXIS2_PLACEMENT_3D('',#2312,#1867,#1868);
#1549=AXIS2_PLACEMENT_3D('',#2313,#1869,#1870);
#1550=AXIS2_PLACEMENT_3D('',#2315,#1871,#1872);
#1551=AXIS2_PLACEMENT_3D('',#2319,#1875,#1876);
#1552=AXIS2_PLACEMENT_3D('',#2323,#1879,#1880);
#1553=AXIS2_PLACEMENT_3D('',#2324,#1881,#1882);
#1554=AXIS2_PLACEMENT_3D('',#2325,#1883,#1884);
#1555=AXIS2_PLACEMENT_3D('',#2326,#1885,#1886);
#1556=AXIS2_PLACEMENT_3D('',#2328,#1887,#1888);
#1557=AXIS2_PLACEMENT_3D('',#2329,#1889,#1890);
#1558=AXIS2_PLACEMENT_3D('',#2330,#1891,#1892);
#1559=AXIS2_PLACEMENT_3D('',#2331,#1893,#1894);
#1560=AXIS2_PLACEMENT_3D('',#2332,#1895,#1896);
#1561=AXIS2_PLACEMENT_3D('',#2333,#1897,#1898);
#1562=AXIS2_PLACEMENT_3D('',#2334,#1899,#1900);
#1563=AXIS2_PLACEMENT_3D('',#2335,#1901,#1902);
#1564=AXIS2_PLACEMENT_3D('',#2336,#1903,#1904);
#1565=AXIS2_PLACEMENT_3D('',#2337,#1905,#1906);
#1566=AXIS2_PLACEMENT_3D('',#2338,#1907,#1908);
#1567=AXIS2_PLACEMENT_3D('',#2339,#1909,#1910);
#1568=AXIS2_PLACEMENT_3D('',#2340,#1911,#1912);
#1569=AXIS2_PLACEMENT_3D('',#2341,#1913,#1914);
#1570=AXIS2_PLACEMENT_3D('',#2344,#1917,#1918);
#1571=AXIS2_PLACEMENT_3D('',#2346,#1920,#1921);
#1572=AXIS2_PLACEMENT_3D('',#2348,#1923,#1924);
#1573=AXIS2_PLACEMENT_3D('',#2350,#1926,#1927);
#1574=AXIS2_PLACEMENT_3D('',#2352,#1929,#1930);
#1575=AXIS2_PLACEMENT_3D('',#2354,#1932,#1933);
#1576=AXIS2_PLACEMENT_3D('',#2356,#1935,#1936);
#1577=AXIS2_PLACEMENT_3D('',#2357,#1937,#1938);
#1578=AXIS2_PLACEMENT_3D('',#2358,#1939,#1940);
#1579=AXIS2_PLACEMENT_3D('',#2359,#1941,#1942);
#1580=AXIS2_PLACEMENT_3D('',#2365,#1946,#1947);
#1581=AXIS2_PLACEMENT_3D('',#2369,#1950,#1951);
#1582=AXIS2_PLACEMENT_3D('',#2373,#1954,#1955);
#1583=AXIS2_PLACEMENT_3D('',#2375,#1957,#1958);
#1584=AXIS2_PLACEMENT_3D('',#2376,#1959,#1960);
#1585=AXIS2_PLACEMENT_3D('',#2382,#1964,#1965);
#1586=AXIS2_PLACEMENT_3D('',#2386,#1968,#1969);
#1587=AXIS2_PLACEMENT_3D('',#2390,#1972,#1973);
#1588=AXIS2_PLACEMENT_3D('',#2392,#1975,#1976);
#1589=AXIS2_PLACEMENT_3D('',#2393,#1977,#1978);
#1590=AXIS2_PLACEMENT_3D('',#2397,#1981,#1982);
#1591=AXIS2_PLACEMENT_3D('',#2399,#1984,#1985);
#1592=DIRECTION('',(0.,0.,1.));
#1593=DIRECTION('',(1.,0.,0.));
#1594=DIRECTION('',(-1.,0.,0.));
#1595=DIRECTION('',(0.,-1.,0.));
#1596=DIRECTION('',(0.,-1.,0.));
#1597=DIRECTION('',(0.,0.,-1.));
#1598=DIRECTION('',(0.,-1.,0.));
#1599=DIRECTION('',(0.,0.,-1.));
#1600=DIRECTION('',(0.,1.,0.));
#1601=DIRECTION('',(0.,0.,1.));
#1602=DIRECTION('',(1.,0.,0.));
#1603=DIRECTION('',(0.,0.,-1.));
#1604=DIRECTION('',(1.,0.,0.));
#1605=DIRECTION('',(0.,0.,-1.));
#1606=DIRECTION('',(-1.,0.,0.));
#1607=DIRECTION('',(0.,0.,-1.));
#1608=DIRECTION('',(-1.,0.,0.));
#1609=DIRECTION('',(0.,0.,-1.));
#1610=DIRECTION('',(1.,0.,0.));
#1611=DIRECTION('',(0.,0.,-1.));
#1612=DIRECTION('',(0.,1.,0.));
#1613=DIRECTION('',(0.,0.,1.));
#1614=DIRECTION('',(1.,0.,0.));
#1615=DIRECTION('',(1.,0.,0.));
#1616=DIRECTION('',(0.,0.,-1.));
#1617=DIRECTION('',(1.,0.,0.));
#1618=DIRECTION('',(0.,0.,-1.));
#1619=DIRECTION('',(-1.,0.,0.));
#1620=DIRECTION('',(0.,0.,-1.));
#1621=DIRECTION('',(-1.,0.,0.));
#1622=DIRECTION('',(0.,0.,-1.));
#1623=DIRECTION('',(1.,0.,0.));
#1624=DIRECTION('',(0.,0.,-1.));
#1625=DIRECTION('',(0.,1.,0.));
#1626=DIRECTION('',(1.,0.,0.));
#1627=DIRECTION('',(0.,0.,-1.));
#1628=DIRECTION('',(0.,0.,-1.));
#1629=DIRECTION('',(1.,0.,0.));
#1630=DIRECTION('',(0.,0.,-1.));
#1631=DIRECTION('',(0.,1.,0.));
#1632=DIRECTION('',(1.,0.,0.));
#1633=DIRECTION('',(0.,0.,-1.));
#1634=DIRECTION('',(0.,0.,-1.));
#1635=DIRECTION('',(1.,0.,0.));
#1636=DIRECTION('',(0.,0.,-1.));
#1637=DIRECTION('',(1.,0.,0.));
#1638=DIRECTION('',(0.,0.,-1.));
#1639=DIRECTION('',(1.,0.,0.));
#1640=DIRECTION('',(0.,0.,-1.));
#1641=DIRECTION('',(0.,-1.,0.));
#1642=DIRECTION('',(0.,-1.,0.));
#1643=DIRECTION('',(-1.,0.,0.));
#1644=DIRECTION('',(0.,0.,1.));
#1645=DIRECTION('',(0.,1.,1.7347234759768E-16));
#1646=DIRECTION('',(0.,0.,-1.));
#1647=DIRECTION('',(0.,1.,1.83697019872103E-16));
#1648=DIRECTION('',(0.,0.,-1.));
#1649=DIRECTION('',(1.,0.,0.));
#1650=DIRECTION('',(0.,0.,-1.));
#1651=DIRECTION('',(1.,0.,0.));
#1652=DIRECTION('',(0.,0.,-1.));
#1653=DIRECTION('',(0.,0.,-1.));
#1654=DIRECTION('',(1.,0.,0.));
#1655=DIRECTION('',(0.,0.,-1.));
#1656=DIRECTION('',(0.,1.,0.));
#1657=DIRECTION('',(1.,0.,0.));
#1658=DIRECTION('',(0.,0.,-1.));
#1659=DIRECTION('',(0.,0.,-1.));
#1660=DIRECTION('',(1.,0.,0.));
#1661=DIRECTION('',(0.,0.,-1.));
#1662=DIRECTION('',(0.,1.,0.));
#1663=DIRECTION('',(1.,0.,0.));
#1664=DIRECTION('',(0.,0.,-1.));
#1665=DIRECTION('',(0.,-0.992546151641322,0.121869343405147));
#1666=DIRECTION('',(-1.,0.,0.));
#1667=DIRECTION('',(0.,0.,1.));
#1668=DIRECTION('',(0.,0.,1.));
#1669=DIRECTION('',(-1.,0.,0.));
#1670=DIRECTION('',(0.,0.,1.));
#1671=DIRECTION('',(0.,-1.,0.));
#1672=DIRECTION('',(-1.,0.,0.));
#1673=DIRECTION('',(0.,0.,1.));
#1674=DIRECTION('',(0.,0.,1.));
#1675=DIRECTION('',(0.,0.,-1.));
#1676=DIRECTION('',(0.,-1.,0.));
#1677=DIRECTION('',(0.,0.,-1.));
#1678=DIRECTION('',(0.,-1.,-8.67361737988404E-17));
#1679=DIRECTION('',(0.,0.121869343405147,0.992546151641322));
#1680=DIRECTION('',(0.,-0.992546151641322,0.121869343405147));
#1681=DIRECTION('',(0.,-0.992546151641322,0.121869343405147));
#1682=DIRECTION('',(1.,0.,0.));
#1683=DIRECTION('',(0.,-0.992546151641322,0.121869343405147));
#1684=DIRECTION('',(1.,0.,0.));
#1685=DIRECTION('',(0.,-0.121869343405147,-0.992546151641322));
#1686=DIRECTION('',(0.,0.992546151641322,-0.121869343405147));
#1687=DIRECTION('',(1.,0.,0.));
#1688=DIRECTION('',(1.54197642309049E-16,0.992546151641322,-0.121869343405147));
#1689=DIRECTION('',(1.,0.,0.));
#1690=DIRECTION('',(1.15648231731787E-16,0.992546151641322,-0.121869343405147));
#1691=DIRECTION('',(-1.,0.,0.));
#1692=DIRECTION('',(0.,-0.121869343405147,-0.992546151641322));
#1693=DIRECTION('',(0.,0.992546151641322,-0.121869343405147));
#1694=DIRECTION('',(1.,0.,0.));
#1695=DIRECTION('',(1.15648231731787E-16,0.992546151641322,-0.121869343405147));
#1696=DIRECTION('',(-1.,0.,0.));
#1697=DIRECTION('',(0.,-0.121869343405147,-0.992546151641322));
#1698=DIRECTION('',(0.,0.992546151641322,-0.121869343405147));
#1699=DIRECTION('',(-1.,0.,0.));
#1700=DIRECTION('',(1.15648231731787E-16,0.992546151641322,-0.121869343405147));
#1701=DIRECTION('',(1.,0.,0.));
#1702=DIRECTION('',(1.54197642309049E-16,0.992546151641322,-0.121869343405147));
#1703=DIRECTION('',(1.,0.,0.));
#1704=DIRECTION('',(0.,-0.121869343405147,-0.992546151641322));
#1705=DIRECTION('',(0.,0.992546151641322,-0.121869343405147));
#1706=DIRECTION('',(1.,0.,0.));
#1707=DIRECTION('',(1.54197642309049E-16,0.992546151641322,-0.121869343405147));
#1708=DIRECTION('',(1.,0.,0.));
#1709=DIRECTION('',(-1.,1.14786207349509E-16,-1.40939740671192E-17));
#1710=DIRECTION('',(-1.14786207349509E-16,-1.,0.));
#1711=DIRECTION('',(1.15648231731787E-16,0.992546151641322,-0.121869343405147));
#1712=DIRECTION('',(0.,-0.121869343405147,-0.992546151641322));
#1713=DIRECTION('',(0.,-0.121869343405147,-0.992546151641322));
#1714=DIRECTION('',(1.15648231731787E-16,0.992546151641322,-0.121869343405147));
#1715=DIRECTION('',(0.,-0.121869343405147,-0.992546151641322));
#1716=DIRECTION('',(0.,-0.121869343405147,-0.992546151641322));
#1717=DIRECTION('',(1.15648231731787E-16,0.992546151641322,-0.121869343405147));
#1718=DIRECTION('',(0.,-0.121869343405147,-0.992546151641322));
#1719=DIRECTION('',(0.,-0.121869343405147,-0.992546151641322));
#1720=DIRECTION('',(1.,0.,0.));
#1721=DIRECTION('',(0.,0.,-1.));
#1722=DIRECTION('',(0.,1.,0.));
#1723=DIRECTION('',(0.,0.,1.));
#1724=DIRECTION('',(0.,1.,0.));
#1725=DIRECTION('',(0.,-1.,0.));
#1726=DIRECTION('',(0.,-1.,0.));
#1727=DIRECTION('',(0.,0.,1.));
#1728=DIRECTION('',(0.,-1.,0.));
#1729=DIRECTION('',(0.,-1.,0.));
#1730=DIRECTION('',(0.,-1.,0.));
#1731=DIRECTION('',(0.,0.,-1.));
#1732=DIRECTION('',(1.,0.,0.));
#1733=DIRECTION('',(0.,0.,1.));
#1734=DIRECTION('',(1.,0.,0.));
#1735=DIRECTION('',(-1.,0.,0.));
#1736=DIRECTION('',(0.,0.,1.));
#1737=DIRECTION('',(-1.,0.,0.));
#1738=DIRECTION('',(0.,0.,1.));
#1739=DIRECTION('',(0.,-0.992546151641322,0.121869343405147));
#1740=DIRECTION('',(0.,0.,1.));
#1741=DIRECTION('',(-1.,0.,0.));
#1742=DIRECTION('',(0.,0.,1.));
#1743=DIRECTION('',(0.,-1.,0.));
#1744=DIRECTION('',(-1.,0.,0.));
#1745=DIRECTION('',(0.,0.,1.));
#1746=DIRECTION('',(0.,-1.,0.));
#1747=DIRECTION('',(0.,0.,-1.));
#1748=DIRECTION('',(1.,0.,0.));
#1749=DIRECTION('',(0.,-1.,0.));
#1750=DIRECTION('',(0.,0.,1.));
#1751=DIRECTION('',(1.,0.,0.));
#1752=DIRECTION('',(0.,-1.,0.));
#1753=DIRECTION('',(0.,0.,-1.));
#1754=DIRECTION('',(0.,0.,1.));
#1755=DIRECTION('',(1.,0.,0.));
#1756=DIRECTION('',(0.,1.,0.));
#1757=DIRECTION('',(1.,0.,0.));
#1758=DIRECTION('',(1.,0.,0.));
#1759=DIRECTION('',(1.,0.,0.));
#1760=DIRECTION('',(0.,0.,1.));
#1761=DIRECTION('',(1.,0.,0.));
#1762=DIRECTION('',(0.,0.,1.));
#1763=DIRECTION('',(0.,-1.,0.));
#1764=DIRECTION('',(0.,0.,1.));
#1765=DIRECTION('',(0.,-1.,0.));
#1766=DIRECTION('',(0.,0.,1.));
#1767=DIRECTION('',(0.,-1.,0.));
#1768=DIRECTION('',(0.,0.,1.));
#1769=DIRECTION('',(0.,-1.,0.));
#1770=DIRECTION('',(0.,0.,1.));
#1771=DIRECTION('',(0.,-1.,0.));
#1772=DIRECTION('',(-1.,0.,0.));
#1773=DIRECTION('',(0.,0.,1.));
#1774=DIRECTION('',(1.,0.,0.));
#1775=DIRECTION('',(0.,0.,-1.));
#1776=DIRECTION('',(0.,0.,-1.));
#1777=DIRECTION('',(-1.,0.,0.));
#1778=DIRECTION('',(0.,-1.,0.));
#1779=DIRECTION('',(-1.,0.,0.));
#1780=DIRECTION('',(0.,0.,-1.));
#1781=DIRECTION('',(-1.,0.,0.));
#1782=DIRECTION('',(-1.,0.,0.));
#1783=DIRECTION('',(0.,-1.,0.));
#1784=DIRECTION('',(0.,-1.,0.));
#1785=DIRECTION('',(0.,0.,-1.));
#1786=DIRECTION('',(0.,0.,1.));
#1787=DIRECTION('',(1.,0.,0.));
#1788=DIRECTION('',(0.,1.,0.));
#1789=DIRECTION('',(0.,0.,1.));
#1790=DIRECTION('',(1.,0.,0.));
#1791=DIRECTION('',(-1.,0.,0.));
#1792=DIRECTION('',(0.,1.,0.));
#1793=DIRECTION('',(0.,-1.,0.));
#1794=DIRECTION('',(0.,0.,-1.));
#1795=DIRECTION('',(-1.,0.,0.));
#1796=DIRECTION('',(0.,0.,1.));
#1797=DIRECTION('',(0.,0.,1.));
#1798=DIRECTION('',(1.,0.,0.));
#1799=DIRECTION('',(0.,1.,0.));
#1800=DIRECTION('',(1.,0.,0.));
#1801=DIRECTION('',(0.,1.,0.));
#1802=DIRECTION('',(0.,0.992546151641322,-0.121869343405147));
#1803=DIRECTION('',(0.,0.121869343405147,0.992546151641322));
#1804=DIRECTION('',(0.,-0.121869343405147,-0.992546151641322));
#1805=DIRECTION('',(1.,0.,0.));
#1806=DIRECTION('',(-1.,1.53048276466012E-16,-1.87919654228256E-17));
#1807=DIRECTION('',(-1.53048276466012E-16,-1.,0.));
#1808=DIRECTION('',(1.54197642309049E-16,0.992546151641322,-0.121869343405147));
#1809=DIRECTION('',(0.,-0.121869343405147,-0.992546151641322));
#1810=DIRECTION('',(0.,-0.121869343405147,-0.992546151641322));
#1811=DIRECTION('',(1.54197642309049E-16,0.992546151641322,-0.121869343405147));
#1812=DIRECTION('',(0.,-0.121869343405147,-0.992546151641322));
#1813=DIRECTION('',(1.54197642309049E-16,0.992546151641322,-0.121869343405147));
#1814=DIRECTION('',(0.,-0.121869343405147,-0.992546151641322));
#1815=DIRECTION('',(0.,-0.121869343405147,-0.992546151641322));
#1816=DIRECTION('',(0.,0.992546151641322,-0.121869343405147));
#1817=DIRECTION('',(0.,0.121869343405147,0.992546151641322));
#1818=DIRECTION('',(1.,0.,0.));
#1819=DIRECTION('',(0.,-0.121869343405147,-0.992546151641322));
#1820=DIRECTION('',(1.,0.,0.));
#1821=DIRECTION('',(0.,-0.121869343405147,-0.992546151641322));
#1822=DIRECTION('',(0.,0.992546151641322,-0.121869343405147));
#1823=DIRECTION('',(0.,-0.121869343405147,-0.992546151641322));
#1824=DIRECTION('',(0.,0.992546151641322,-0.121869343405147));
#1825=DIRECTION('',(0.,-0.121869343405147,-0.992546151641322));
#1826=DIRECTION('',(0.,-0.121869343405147,-0.992546151641322));
#1827=DIRECTION('',(0.,0.992546151641322,-0.121869343405147));
#1828=DIRECTION('',(0.,-0.121869343405147,-0.992546151641322));
#1829=DIRECTION('',(0.,-0.992546151641322,0.121869343405147));
#1830=DIRECTION('',(0.,-0.121869343405147,-0.992546151641322));
#1831=DIRECTION('',(-1.,0.,0.));
#1832=DIRECTION('',(0.,-0.992546151641322,0.121869343405147));
#1833=DIRECTION('',(0.,-0.121869343405147,-0.992546151641322));
#1834=DIRECTION('',(-1.,0.,0.));
#1835=DIRECTION('',(0.,-0.121869343405147,-0.992546151641322));
#1836=DIRECTION('',(1.,0.,0.));
#1837=DIRECTION('',(0.,-0.121869343405147,-0.992546151641322));
#1838=DIRECTION('',(0.,0.992546151641322,-0.121869343405147));
#1839=DIRECTION('',(0.,-0.121869343405147,-0.992546151641322));
#1840=DIRECTION('',(0.,0.992546151641322,-0.121869343405147));
#1841=DIRECTION('',(0.,-0.121869343405147,-0.992546151641322));
#1842=DIRECTION('',(0.,-0.121869343405147,-0.992546151641322));
#1843=DIRECTION('',(0.,0.992546151641322,-0.121869343405147));
#1844=DIRECTION('',(0.,-0.121869343405147,-0.992546151641322));
#1845=DIRECTION('',(0.,-0.992546151641322,0.121869343405147));
#1846=DIRECTION('',(0.,-0.121869343405147,-0.992546151641322));
#1847=DIRECTION('',(-1.,0.,0.));
#1848=DIRECTION('',(0.,0.992546151641322,-0.121869343405147));
#1849=DIRECTION('',(0.,0.121869343405147,0.992546151641322));
#1850=DIRECTION('',(1.,0.,0.));
#1851=DIRECTION('',(0.,-0.121869343405147,-0.992546151641322));
#1852=DIRECTION('',(1.,0.,0.));
#1853=DIRECTION('',(0.,-0.121869343405147,-0.992546151641322));
#1854=DIRECTION('',(0.,0.992546151641322,-0.121869343405147));
#1855=DIRECTION('',(0.,0.992546151641322,-0.121869343405147));
#1856=DIRECTION('',(0.,0.121869343405147,0.992546151641322));
#1857=DIRECTION('',(0.,-0.121869343405147,-0.992546151641322));
#1858=DIRECTION('',(1.,0.,0.));
#1859=DIRECTION('',(0.,-0.121869343405147,-0.992546151641322));
#1860=DIRECTION('',(0.,0.992546151641322,-0.121869343405147));
#1861=DIRECTION('',(0.,-0.121869343405147,-0.992546151641322));
#1862=DIRECTION('',(0.,-0.121869343405147,-0.992546151641322));
#1863=DIRECTION('',(0.,0.992546151641322,-0.121869343405147));
#1864=DIRECTION('',(0.,0.992546151641322,-0.121869343405147));
#1865=DIRECTION('',(0.,0.121869343405147,0.992546151641322));
#1866=DIRECTION('',(1.,0.,0.));
#1867=DIRECTION('',(0.,-0.121869343405147,-0.992546151641322));
#1868=DIRECTION('',(1.,0.,0.));
#1869=DIRECTION('',(0.,-0.121869343405147,-0.992546151641322));
#1870=DIRECTION('',(0.,0.992546151641322,-0.121869343405147));
#1871=DIRECTION('',(0.,0.992546151641322,-0.121869343405147));
#1872=DIRECTION('',(0.,0.121869343405147,0.992546151641322));
#1873=DIRECTION('',(1.,0.,0.));
#1874=DIRECTION('',(0.,-0.121869343405147,-0.992546151641322));
#1875=DIRECTION('',(0.,0.992546151641322,-0.121869343405147));
#1876=DIRECTION('',(0.,0.121869343405147,0.992546151641322));
#1877=DIRECTION('',(0.,-0.121869343405147,-0.992546151641322));
#1878=DIRECTION('',(1.,0.,0.));
#1879=DIRECTION('',(0.,-0.121869343405147,-0.992546151641322));
#1880=DIRECTION('',(0.,0.992546151641322,-0.121869343405147));
#1881=DIRECTION('',(0.,-0.121869343405147,-0.992546151641322));
#1882=DIRECTION('',(0.,0.992546151641322,-0.121869343405147));
#1883=DIRECTION('',(0.,-0.121869343405147,-0.992546151641322));
#1884=DIRECTION('',(1.,0.,0.));
#1885=DIRECTION('',(0.,-0.121869343405147,-0.992546151641322));
#1886=DIRECTION('',(0.,0.992546151641322,-0.121869343405147));
#1887=DIRECTION('',(0.,-0.121869343405147,-0.992546151641322));
#1888=DIRECTION('',(0.,0.992546151641322,-0.121869343405147));
#1889=DIRECTION('',(0.,-0.121869343405147,-0.992546151641322));
#1890=DIRECTION('',(0.,0.992546151641322,-0.121869343405147));
#1891=DIRECTION('',(0.,-0.121869343405147,-0.992546151641322));
#1892=DIRECTION('',(0.,0.992546151641322,-0.121869343405147));
#1893=DIRECTION('',(0.,-0.121869343405147,-0.992546151641322));
#1894=DIRECTION('',(0.,0.992546151641322,-0.121869343405147));
#1895=DIRECTION('',(0.,-0.121869343405147,-0.992546151641322));
#1896=DIRECTION('',(0.,0.992546151641322,-0.121869343405147));
#1897=DIRECTION('',(-1.,0.,0.));
#1898=DIRECTION('',(0.,0.,1.));
#1899=DIRECTION('',(-0.707106781186548,-0.70183611446619,0.0861746391405317));
#1900=DIRECTION('',(-0.707106781186548,0.70183611446619,-0.0861746391405317));
#1901=DIRECTION('',(-0.707106781186548,0.70183611446619,-0.0861746391405317));
#1902=DIRECTION('',(0.707106781186548,0.70183611446619,-0.0861746391405317));
#1903=DIRECTION('',(0.,0.992546151641322,-0.121869343405147));
#1904=DIRECTION('',(0.,0.121869343405147,0.992546151641322));
#1905=DIRECTION('',(0.707106781186548,0.70183611446619,-0.0861746391405317));
#1906=DIRECTION('',(-0.707106781186548,0.70183611446619,-0.0861746391405317));
#1907=DIRECTION('',(0.,-0.992546151641322,0.121869343405147));
#1908=DIRECTION('',(0.,-0.121869343405147,-0.992546151641322));
#1909=DIRECTION('',(0.707106781186548,-0.70183611446619,0.0861746391405317));
#1910=DIRECTION('',(-0.707106781186548,-0.70183611446619,0.0861746391405317));
#1911=DIRECTION('',(1.,0.,0.));
#1912=DIRECTION('',(0.,0.,-1.));
#1913=DIRECTION('',(1.,0.,0.));
#1914=DIRECTION('',(0.,0.,-1.));
#1915=DIRECTION('',(1.,0.,0.));
#1916=DIRECTION('',(1.,0.,0.));
#1917=DIRECTION('',(0.,-1.,0.));
#1918=DIRECTION('',(0.,0.,-1.));
#1919=DIRECTION('',(1.,0.,0.));
#1920=DIRECTION('',(1.,0.,0.));
#1921=DIRECTION('',(0.,0.,-1.));
#1922=DIRECTION('',(1.,0.,0.));
#1923=DIRECTION('',(0.,0.,-1.));
#1924=DIRECTION('',(-1.,0.,0.));
#1925=DIRECTION('',(1.,0.,0.));
#1926=DIRECTION('',(1.,0.,0.));
#1927=DIRECTION('',(0.,0.,-1.));
#1928=DIRECTION('',(1.,0.,0.));
#1929=DIRECTION('',(0.,-1.,0.));
#1930=DIRECTION('',(0.,0.,-1.));
#1931=DIRECTION('',(1.,0.,0.));
#1932=DIRECTION('',(1.,0.,0.));
#1933=DIRECTION('',(0.,0.,-1.));
#1934=DIRECTION('',(1.,0.,0.));
#1935=DIRECTION('',(0.,0.,-1.));
#1936=DIRECTION('',(-1.,0.,0.));
#1937=DIRECTION('',(1.,0.,0.));
#1938=DIRECTION('',(0.,0.,-1.));
#1939=DIRECTION('',(1.,0.,0.));
#1940=DIRECTION('',(0.,0.,-1.));
#1941=DIRECTION('',(0.,1.7347234759768E-16,-1.));
#1942=DIRECTION('',(0.,1.,1.7347234759768E-16));
#1943=DIRECTION('',(1.,0.,0.));
#1944=DIRECTION('',(0.,1.,1.7347234759768E-16));
#1945=DIRECTION('',(1.,0.,0.));
#1946=DIRECTION('',(0.,-1.,0.));
#1947=DIRECTION('',(0.,0.,-1.));
#1948=DIRECTION('',(1.,0.,0.));
#1949=DIRECTION('',(0.,0.,-1.));
#1950=DIRECTION('',(0.,1.83697019872103E-16,-1.));
#1951=DIRECTION('',(0.,1.,1.83697019872103E-16));
#1952=DIRECTION('',(1.,0.,0.));
#1953=DIRECTION('',(0.,1.,1.83697019872103E-16));
#1954=DIRECTION('',(0.,-1.,0.));
#1955=DIRECTION('',(0.,0.,-1.));
#1956=DIRECTION('',(0.,0.,-1.));
#1957=DIRECTION('',(1.,0.,0.));
#1958=DIRECTION('',(0.,1.,0.));
#1959=DIRECTION('',(0.,-1.,0.));
#1960=DIRECTION('',(0.,0.,-1.));
#1961=DIRECTION('',(1.,0.,0.));
#1962=DIRECTION('',(0.,0.,-1.));
#1963=DIRECTION('',(1.,0.,0.));
#1964=DIRECTION('',(0.,-8.67361737988404E-17,1.));
#1965=DIRECTION('',(0.,-1.,-8.67361737988404E-17));
#1966=DIRECTION('',(1.,0.,0.));
#1967=DIRECTION('',(0.,-1.,-8.67361737988404E-17));
#1968=DIRECTION('',(0.,-1.,0.));
#1969=DIRECTION('',(0.,0.,-1.));
#1970=DIRECTION('',(1.,0.,0.));
#1971=DIRECTION('',(0.,0.,-1.));
#1972=DIRECTION('',(0.,0.,1.));
#1973=DIRECTION('',(1.,0.,0.));
#1974=DIRECTION('',(0.,-1.,0.));
#1975=DIRECTION('',(1.,0.,0.));
#1976=DIRECTION('',(0.,1.,0.));
#1977=DIRECTION('',(0.,0.,1.));
#1978=DIRECTION('',(1.,0.,0.));
#1979=DIRECTION('',(-1.,0.,0.));
#1980=DIRECTION('',(0.,1.,0.));
#1981=DIRECTION('',(1.,0.,0.));
#1982=DIRECTION('',(0.,0.,-1.));
#1983=DIRECTION('',(0.,0.,-1.));
#1984=DIRECTION('',(0.,-1.,0.));
#1985=DIRECTION('',(1.,0.,0.));
#1986=CARTESIAN_POINT('',(0.,0.,0.));
#1987=CARTESIAN_POINT('',(0.135866591900589,0.0101516834170234,0.0075));
#1988=CARTESIAN_POINT('',(0.135866591900589,0.0101516834170234,0.015));
#1989=CARTESIAN_POINT('',(0.135866591900589,0.0656516834170233,0.015));
#1990=CARTESIAN_POINT('',(0.135866591900589,-0.0493483165829765,0.015));
#1991=CARTESIAN_POINT('',(0.135866591900589,0.0656516834170233,0.025));
#1992=CARTESIAN_POINT('',(0.135866591900589,0.0656516834170233,0.013));
#1993=CARTESIAN_POINT('',(0.135866591900589,0.0101516834170234,0.013));
#1994=CARTESIAN_POINT('',(0.135866591900589,-0.0493483165829765,0.013));
#1995=CARTESIAN_POINT('',(0.135866591900589,-0.0493483165829765,0.025));
#1996=CARTESIAN_POINT('',(-0.0291334080994128,0.0696516834170233,0.025));
#1997=CARTESIAN_POINT('',(0.135866591900589,0.0696516834170233,0.013));
#1998=CARTESIAN_POINT('',(-0.169133408099413,0.0696516834170233,0.013));
#1999=CARTESIAN_POINT('',(0.145866591900589,0.0696516834170233,0.013));
#2000=CARTESIAN_POINT('',(-0.169133408099413,0.0696516834170233,0.014));
#2001=CARTESIAN_POINT('',(-0.169133408099413,0.0696516834170233,0.015));
#2002=CARTESIAN_POINT('',(-0.0291334080994128,0.0696516834170233,0.015));
#2003=CARTESIAN_POINT('',(-0.204133408099412,0.0696516834170233,0.015));
#2004=CARTESIAN_POINT('',(-0.204133408099412,0.0696516834170233,0.025));
#2005=CARTESIAN_POINT('',(-0.204133408099412,0.0696516834170233,0.013));
#2006=CARTESIAN_POINT('',(-0.171133408099412,0.0696516834170233,0.013));
#2007=CARTESIAN_POINT('',(-0.171133408099412,0.0696516834170233,0.013));
#2008=CARTESIAN_POINT('',(-0.171133408099412,0.0696516834170233,0.025));
#2009=CARTESIAN_POINT('',(-0.171133408099412,0.0696516834170233,0.0115));
#2010=CARTESIAN_POINT('',(-0.171133408099412,0.0696516834170233,0.0115));
#2011=CARTESIAN_POINT('',(-0.204133408099412,0.0696516834170233,0.0115));
#2012=CARTESIAN_POINT('',(-0.204133408099412,0.0696516834170233,0.025));
#2013=CARTESIAN_POINT('',(-0.204133408099412,0.0696516834170233,0.));
#2014=CARTESIAN_POINT('',(-0.0291334080994128,0.0696516834170233,0.));
#2015=CARTESIAN_POINT('',(0.145866591900589,0.0696516834170233,0.));
#2016=CARTESIAN_POINT('',(0.145866591900589,0.0696516834170233,0.025));
#2017=CARTESIAN_POINT('',(-0.0291334080994119,-0.0493483165829765,0.025));
#2018=CARTESIAN_POINT('',(-0.0291334080994119,-0.0493483165829765,0.015));
#2019=CARTESIAN_POINT('',(-0.204133408099412,-0.0493483165829765,0.015));
#2020=CARTESIAN_POINT('',(0.135866591900589,-0.0493483165829765,0.013));
#2021=CARTESIAN_POINT('',(0.145866591900589,-0.0493483165829765,0.013));
#2022=CARTESIAN_POINT('',(0.145866591900589,-0.0493483165829765,0.025));
#2023=CARTESIAN_POINT('',(0.145866591900589,-0.0493483165829765,0.));
#2024=CARTESIAN_POINT('',(-0.0291334080994119,-0.0493483165829765,0.));
#2025=CARTESIAN_POINT('',(-0.204133408099412,-0.0493483165829765,0.));
#2026=CARTESIAN_POINT('',(-0.204133408099412,-0.0493483165829765,0.025));
#2027=CARTESIAN_POINT('',(-0.204133408099412,-0.0493483165829765,0.0115));
#2028=CARTESIAN_POINT('',(-0.171133408099412,-0.0493483165829765,0.0115));
#2029=CARTESIAN_POINT('',(-0.171133408099412,-0.0493483165829765,0.0115));
#2030=CARTESIAN_POINT('',(-0.171133408099412,-0.0493483165829765,0.025));
#2031=CARTESIAN_POINT('',(-0.171133408099412,-0.0493483165829765,0.013));
#2032=CARTESIAN_POINT('',(-0.171133408099412,-0.0493483165829765,0.013));
#2033=CARTESIAN_POINT('',(-0.204133408099412,-0.0493483165829765,0.013));
#2034=CARTESIAN_POINT('',(-0.204133408099412,-0.0493483165829765,0.025));
#2035=CARTESIAN_POINT('',(0.145866591900589,0.0101516834170234,0.025));
#2036=CARTESIAN_POINT('',(0.145866591900589,0.0101516834170234,0.00173749654887738));
#2037=CARTESIAN_POINT('',(0.145866591900589,-0.0116192445900358,0.00173749654887738));
#2038=CARTESIAN_POINT('',(0.145866591900589,0.0124836991351165,0.00173749654887738));
#2039=CARTESIAN_POINT('',(0.145866591900589,0.0124836991351165,0.00318602468630124));
#2040=CARTESIAN_POINT('',(0.145866591900589,0.0139322272725403,0.00318602468630124));
#2041=CARTESIAN_POINT('',(0.145866591900589,0.0139322272725403,0.025));
#2042=CARTESIAN_POINT('',(0.145866591900589,0.0139322272725403,0.00538896841145352));
#2043=CARTESIAN_POINT('',(0.145866591900589,0.0124836991351165,0.00538896841145352));
#2044=CARTESIAN_POINT('',(0.145866591900589,0.0124836991351165,0.00683749654887738));
#2045=CARTESIAN_POINT('',(0.145866591900589,0.0101516834170234,0.00683749654887738));
#2046=CARTESIAN_POINT('',(0.145866591900589,-0.0116192445900358,0.00683749654887738));
#2047=CARTESIAN_POINT('',(0.145866591900589,-0.0116192445900358,0.00538896841145352));
#2048=CARTESIAN_POINT('',(0.145866591900589,-0.0130677727274597,0.00538896841145352));
#2049=CARTESIAN_POINT('',(0.145866591900589,-0.0130677727274597,0.025));
#2050=CARTESIAN_POINT('',(0.145866591900589,-0.0130677727274597,0.00318602468630124));
#2051=CARTESIAN_POINT('',(0.145866591900589,-0.0116192445900358,0.00318602468630124));
#2052=CARTESIAN_POINT('',(0.145866591900589,-0.0145677727274597,0.00428749654887738));
#2053=CARTESIAN_POINT('',(0.145866591900589,-0.0145677727274597,0.00328749654887738));
#2054=CARTESIAN_POINT('',(0.145866591900589,0.0154322272725403,0.00428749654887738));
#2055=CARTESIAN_POINT('',(0.145866591900589,0.0154322272725403,0.00328749654887738));
#2056=CARTESIAN_POINT('',(0.145866591900589,0.0101516834170234,0.013));
#2057=CARTESIAN_POINT('',(0.145866591900589,0.0101516834170234,0.));
#2058=CARTESIAN_POINT('',(0.150866591900589,0.0101516834170234,-0.003));
#2059=CARTESIAN_POINT('',(0.150866591900589,-0.0409341030206032,0.01));
#2060=CARTESIAN_POINT('',(0.150866591900589,-0.0509341030206032,0.01));
#2061=CARTESIAN_POINT('',(0.150866591900589,-0.0309341030206032,0.01));
#2062=CARTESIAN_POINT('',(0.150866591900589,-0.0309341030206032,0.005));
#2063=CARTESIAN_POINT('',(0.150866591900589,-0.0309341030206032,6.93889390390723E-18));
#2064=CARTESIAN_POINT('',(0.150866591900589,-0.0409341030206032,4.96855044804482E-18));
#2065=CARTESIAN_POINT('',(0.150866591900589,-0.0509341030206032,3.13158024932379E-18));
#2066=CARTESIAN_POINT('',(0.150866591900589,-0.0509341030206032,0.005));
#2067=CARTESIAN_POINT('',(0.150866591900589,0.0154322272725403,0.00428749654887738));
#2068=CARTESIAN_POINT('',(0.150866591900589,0.0154322272725403,0.00328749654887738));
#2069=CARTESIAN_POINT('',(0.150866591900589,-0.0145677727274597,0.00428749654887738));
#2070=CARTESIAN_POINT('',(0.150866591900589,-0.0145677727274597,0.00328749654887738));
#2071=CARTESIAN_POINT('',(0.150866591900589,0.0139322272725403,0.00483823248016545));
#2072=CARTESIAN_POINT('',(0.150866591900589,0.0139322272725403,0.00538896841145352));
#2073=CARTESIAN_POINT('',(0.150866591900589,0.0139322272725403,0.00318602468630124));
#2074=CARTESIAN_POINT('',(0.150866591900589,0.0124836991351165,0.00318602468630124));
#2075=CARTESIAN_POINT('',(0.150866591900589,0.0124836991351165,0.00173749654887738));
#2076=CARTESIAN_POINT('',(0.150866591900589,0.000432227272540332,0.00173749654887738));
#2077=CARTESIAN_POINT('',(0.150866591900589,-0.0116192445900358,0.00173749654887738));
#2078=CARTESIAN_POINT('',(0.150866591900589,-0.0116192445900358,0.00318602468630124));
#2079=CARTESIAN_POINT('',(0.150866591900589,-0.0130677727274597,0.00318602468630124));
#2080=CARTESIAN_POINT('',(0.150866591900589,-0.0130677727274597,0.00483823248016545));
#2081=CARTESIAN_POINT('',(0.150866591900589,-0.0130677727274597,0.00538896841145352));
#2082=CARTESIAN_POINT('',(0.150866591900589,-0.0116192445900358,0.00538896841145352));
#2083=CARTESIAN_POINT('',(0.150866591900589,-0.0116192445900358,0.00683749654887738));
#2084=CARTESIAN_POINT('',(0.150866591900589,0.000432227272540332,0.00683749654887738));
#2085=CARTESIAN_POINT('',(0.150866591900589,0.0124836991351165,0.00683749654887738));
#2086=CARTESIAN_POINT('',(0.150866591900589,0.0124836991351165,0.00538896841145352));
#2087=CARTESIAN_POINT('',(0.150866591900589,0.00938520338447737,-0.00924247891518041));
#2088=CARTESIAN_POINT('',(0.150866591900589,-0.0543483165829764,-0.00141698665118011));
#2089=CARTESIAN_POINT('',(0.150866591900589,0.074639971827564,-0.0172547570052855));
#2090=CARTESIAN_POINT('',(0.150866591900589,0.0730804696096552,-0.0170632742102324));
#2091=CARTESIAN_POINT('',(0.150866591900589,0.0746516834170232,-0.0170632742102324));
#2092=CARTESIAN_POINT('',(0.150866591900589,0.0746516834170232,-0.003));
#2093=CARTESIAN_POINT('',(0.150866591900589,0.0746516834170232,0.011137258300203));
#2094=CARTESIAN_POINT('',(0.150866591900589,0.0707889417172263,0.011137258300203));
#2095=CARTESIAN_POINT('',(0.150866591900589,0.0707889417172263,0.015));
#2096=CARTESIAN_POINT('',(0.150866591900589,0.0101516834170234,0.015));
#2097=CARTESIAN_POINT('',(0.150866591900589,-0.0504855748831794,0.015));
#2098=CARTESIAN_POINT('',(0.150866591900589,-0.0504855748831794,0.011137258300203));
#2099=CARTESIAN_POINT('',(0.150866591900589,-0.0543483165829763,0.011137258300203));
#2100=CARTESIAN_POINT('',(0.150866591900589,-0.0543483165829763,-0.003));
#2101=CARTESIAN_POINT('',(0.150866591900589,0.0712374698546501,0.005));
#2102=CARTESIAN_POINT('',(0.150866591900589,0.0712374698546501,0.01));
#2103=CARTESIAN_POINT('',(0.150866591900589,0.0712374698546501,0.));
#2104=CARTESIAN_POINT('',(0.150866591900589,0.0612374698546501,0.));
#2105=CARTESIAN_POINT('',(0.150866591900589,0.0512374698546501,0.));
#2106=CARTESIAN_POINT('',(0.150866591900589,0.0512374698546501,0.005));
#2107=CARTESIAN_POINT('',(0.150866591900589,0.0512374698546501,0.01));
#2108=CARTESIAN_POINT('',(0.150866591900589,0.0612374698546501,0.01));
#2109=CARTESIAN_POINT('',(-0.209133408099411,0.0101516834170234,-0.0109196041782373));
#2110=CARTESIAN_POINT('',(-0.207562194292045,0.0746516834170232,-0.0188392083564746));
#2111=CARTESIAN_POINT('',(-0.207562194292045,-0.0529685855706614,-0.00316940966651121));
#2112=CARTESIAN_POINT('',(-0.207562194292045,0.0728889868146022,-0.0186227764281413));
#2113=CARTESIAN_POINT('',(-0.209133408099411,0.0728889868146021,-0.0186227764281413));
#2114=CARTESIAN_POINT('',(0.149295378093221,0.0728889868146022,-0.0186227764281413));
#2115=CARTESIAN_POINT('',(0.149295378093221,0.0101516834170234,-0.0109196041782373));
#2116=CARTESIAN_POINT('',(0.149295378093221,-0.0529685855706614,-0.00316940966651121));
#2117=CARTESIAN_POINT('',(-0.209133408099412,-0.0529685855706614,-0.00316940966651121));
#2118=CARTESIAN_POINT('',(-0.112633408099411,-0.0131886510032338,-0.00805377146511908));
#2119=CARTESIAN_POINT('',(-0.112633408099411,-0.0166625625339784,-0.00762722876320106));
#2120=CARTESIAN_POINT('',(-0.112633408099411,-0.00971473947248915,-0.00848031416703709));
#2121=CARTESIAN_POINT('',(-0.110883408099411,-0.0166625625339784,-0.00762722876320106));
#2122=CARTESIAN_POINT('',(-0.109133408099411,-0.0166625625339784,-0.00762722876320106));
#2123=CARTESIAN_POINT('',(-0.109133408099411,0.0200616450767505,-0.0121363944691915));
#2124=CARTESIAN_POINT('',(-0.109133408099411,-0.024602931747109,-0.00665227401595988));
#2125=CARTESIAN_POINT('',(-0.0641334080994113,-0.024602931747109,-0.00665227401595988));
#2126=CARTESIAN_POINT('',(-0.0191334080994113,-0.024602931747109,-0.00665227401595988));
#2127=CARTESIAN_POINT('',(-0.0191334080994113,0.0200616450767505,-0.0121363944691915));
#2128=CARTESIAN_POINT('',(-0.0191334080994113,-0.0166625625339784,-0.00762722876320106));
#2129=CARTESIAN_POINT('',(-0.0173834080994113,-0.0166625625339784,-0.00762722876320106));
#2130=CARTESIAN_POINT('',(-0.0156334080994113,-0.0166625625339784,-0.00762722876320106));
#2131=CARTESIAN_POINT('',(-0.0156334080994113,-0.0131886510032338,-0.00805377146511908));
#2132=CARTESIAN_POINT('',(-0.0156334080994113,-0.00971473947248916,-0.00848031416703709));
#2133=CARTESIAN_POINT('',(-0.0173834080994113,-0.00971473947248916,-0.00848031416703709));
#2134=CARTESIAN_POINT('',(-0.0191334080994113,-0.00971473947248915,-0.00848031416703709));
#2135=CARTESIAN_POINT('',(-0.0191334080994113,0.0200616450767505,-0.0121363944691915));
#2136=CARTESIAN_POINT('',(-0.0191334080994113,0.0498380296259902,-0.0157924747713459));
#2137=CARTESIAN_POINT('',(-0.0173834080994113,0.0498380296259902,-0.0157924747713459));
#2138=CARTESIAN_POINT('',(-0.0156334080994113,0.0498380296259902,-0.0157924747713459));
#2139=CARTESIAN_POINT('',(-0.0156334080994113,0.0533119411567348,-0.016219017473264));
#2140=CARTESIAN_POINT('',(-0.0156334080994113,0.0567858526874794,-0.0166455601751819));
#2141=CARTESIAN_POINT('',(-0.0173834080994113,0.0567858526874794,-0.0166455601751819));
#2142=CARTESIAN_POINT('',(-0.0191334080994113,0.0567858526874794,-0.0166455601751819));
#2143=CARTESIAN_POINT('',(-0.0191334080994113,0.0200616450767505,-0.0121363944691915));
#2144=CARTESIAN_POINT('',(-0.0191334080994113,0.06472622190061,-0.0176205149224231));
#2145=CARTESIAN_POINT('',(-0.0641334080994113,0.06472622190061,-0.0176205149224231));
#2146=CARTESIAN_POINT('',(-0.109133408099411,0.06472622190061,-0.0176205149224231));
#2147=CARTESIAN_POINT('',(-0.109133408099411,0.0200616450767505,-0.0121363944691915));
#2148=CARTESIAN_POINT('',(-0.109133408099411,0.0567858526874794,-0.0166455601751819));
#2149=CARTESIAN_POINT('',(-0.110883408099411,0.0567858526874794,-0.0166455601751819));
#2150=CARTESIAN_POINT('',(-0.112633408099411,0.0567858526874794,-0.0166455601751819));
#2151=CARTESIAN_POINT('',(-0.112633408099411,0.0533119411567348,-0.016219017473264));
#2152=CARTESIAN_POINT('',(-0.112633408099411,0.0498380296259902,-0.0157924747713459));
#2153=CARTESIAN_POINT('',(-0.110883408099411,0.0498380296259902,-0.0157924747713459));
#2154=CARTESIAN_POINT('',(-0.109133408099411,0.0498380296259902,-0.0157924747713459));
#2155=CARTESIAN_POINT('',(-0.109133408099411,0.0200616450767505,-0.0121363944691915));
#2156=CARTESIAN_POINT('',(-0.109133408099411,-0.00971473947248915,-0.00848031416703709));
#2157=CARTESIAN_POINT('',(-0.110883408099411,-0.00971473947248915,-0.00848031416703709));
#2158=CARTESIAN_POINT('',(-0.0191334080994113,0.0205491224503711,-0.00816620986262622));
#2159=CARTESIAN_POINT('',(-0.0191334080994113,0.0201835144201556,-0.0111438483175502));
#2160=CARTESIAN_POINT('',(-0.0191334080994113,-0.0165406931905733,-0.00663468261155974));
#2161=CARTESIAN_POINT('',(-0.0191334080994113,-0.00959287012908401,-0.00748776801539577));
#2162=CARTESIAN_POINT('',(-0.0191334080994113,-0.0165406931905733,-0.00663468261155974));
#2163=CARTESIAN_POINT('',(-0.0191334080994113,-0.0241154543734884,-0.00268208940939459));
#2164=CARTESIAN_POINT('',(-0.0191334080994113,-0.0241154543734884,-0.00268208940939459));
#2165=CARTESIAN_POINT('',(-0.0191334080994113,0.0205491224503711,-0.00816620986262622));
#2166=CARTESIAN_POINT('',(-0.0191334080994113,0.0652136992742306,-0.0136503303158578));
#2167=CARTESIAN_POINT('',(-0.0191334080994113,0.0652136992742306,-0.0136503303158578));
#2168=CARTESIAN_POINT('',(-0.0191334080994113,0.0569077220308846,-0.0156530140235407));
#2169=CARTESIAN_POINT('',(-0.0191334080994113,0.0569077220308846,-0.0156530140235407));
#2170=CARTESIAN_POINT('',(-0.0191334080994113,0.0201835144201556,-0.0111438483175502));
#2171=CARTESIAN_POINT('',(-0.0191334080994113,0.0499598989693953,-0.0147999286197046));
#2172=CARTESIAN_POINT('',(-0.0191334080994113,0.0499598989693953,-0.0147999286197046));
#2173=CARTESIAN_POINT('',(-0.0191334080994113,-0.00959287012908401,-0.00748776801539577));
#2174=CARTESIAN_POINT('',(-0.204133408099412,0.0101516834170234,0.025));
#2175=CARTESIAN_POINT('',(-0.204133408099412,-0.0483483165829765,0.013));
#2176=CARTESIAN_POINT('',(-0.204133408099412,-0.0473483165829765,0.013));
#2177=CARTESIAN_POINT('',(-0.204133408099412,-0.0473483165829765,0.01225));
#2178=CARTESIAN_POINT('',(-0.204133408099412,-0.0473483165829765,0.0115));
#2179=CARTESIAN_POINT('',(-0.204133408099412,-0.0483483165829765,0.0115));
#2180=CARTESIAN_POINT('',(-0.204133408099412,0.0101516834170234,0.));
#2181=CARTESIAN_POINT('',(-0.204133408099412,0.0686516834170233,0.0115));
#2182=CARTESIAN_POINT('',(-0.204133408099412,0.0676516834170233,0.0115));
#2183=CARTESIAN_POINT('',(-0.204133408099412,0.0676516834170233,0.01225));
#2184=CARTESIAN_POINT('',(-0.204133408099412,0.0676516834170233,0.013));
#2185=CARTESIAN_POINT('',(-0.204133408099412,0.0686516834170233,0.013));
#2186=CARTESIAN_POINT('',(-0.204133408099412,0.0101516834170234,0.015));
#2187=CARTESIAN_POINT('',(-0.0291334080994119,0.0746516834170232,-0.003));
#2188=CARTESIAN_POINT('',(-0.0291334080994119,0.0746516834170232,-0.0170632742102324));
#2189=CARTESIAN_POINT('',(-0.209133408099412,0.0746516834170232,-0.0170632742102324));
#2190=CARTESIAN_POINT('',(-0.209133408099412,0.0746516834170232,-0.003));
#2191=CARTESIAN_POINT('',(-0.209133408099412,0.0746516834170232,0.011137258300203));
#2192=CARTESIAN_POINT('',(0.150866591900589,0.0746516834170232,0.011137258300203));
#2193=CARTESIAN_POINT('',(-0.209133408099412,0.0101516834170234,-0.003));
#2194=CARTESIAN_POINT('',(-0.209133408099412,0.0730804696096552,-0.0170632742102324));
#2195=CARTESIAN_POINT('',(-0.209133408099412,0.0746399718275641,-0.0172547570052855));
#2196=CARTESIAN_POINT('',(-0.209133408099412,-0.0541568337879233,-0.00144049778209115));
#2197=CARTESIAN_POINT('',(-0.209133408099412,-0.0543483165829763,-0.00141698665118011));
#2198=CARTESIAN_POINT('',(-0.209133408099412,-0.0543483165829763,-0.003));
#2199=CARTESIAN_POINT('',(-0.209133408099412,-0.0543483165829763,0.011137258300203));
#2200=CARTESIAN_POINT('',(-0.209133408099412,-0.0504855748831794,0.011137258300203));
#2201=CARTESIAN_POINT('',(-0.209133408099412,-0.0504855748831794,0.015));
#2202=CARTESIAN_POINT('',(-0.209133408099412,0.0101516834170234,0.015));
#2203=CARTESIAN_POINT('',(-0.209133408099412,0.0707889417172263,0.015));
#2204=CARTESIAN_POINT('',(-0.209133408099412,0.0707889417172263,0.011137258300203));
#2205=CARTESIAN_POINT('',(-0.0291334080994119,-0.0543483165829763,-0.003));
#2206=CARTESIAN_POINT('',(0.150866591900589,-0.0543483165829763,-0.00160990744860237));
#2207=CARTESIAN_POINT('',(-0.209121696509954,-0.0543483165829763,-0.00160990744860237));
#2208=CARTESIAN_POINT('',(0.150854880311129,-0.0543483165829763,-0.00160990744860237));
#2209=CARTESIAN_POINT('',(0.149295378093221,-0.0543483165829764,-0.00141698665118011));
#2210=CARTESIAN_POINT('',(-0.0291334080994119,-0.0543483165829763,0.011137258300203));
#2211=CARTESIAN_POINT('',(-0.207562194292045,-0.0543483165829763,-0.00141698665118011));
#2212=CARTESIAN_POINT('',(-0.0291334080994119,0.0101516834170234,0.015));
#2213=CARTESIAN_POINT('',(-0.169133408099413,0.0656516834170233,0.015));
#2214=CARTESIAN_POINT('',(-0.169133408099413,0.0656516834170233,0.015));
#2215=CARTESIAN_POINT('',(-0.0291334080994128,0.0656516834170233,0.015));
#2216=CARTESIAN_POINT('',(-0.209133408099412,0.0707889417172263,0.015));
#2217=CARTESIAN_POINT('',(-0.0291334080994119,-0.0504855748831794,0.015));
#2218=CARTESIAN_POINT('',(-0.0291334080994119,0.0101516834170234,0.));
#2219=CARTESIAN_POINT('',(-0.103295176983326,-0.0182548897274234,0.));
#2220=CARTESIAN_POINT('',(-0.103295176983326,-0.0214243772013673,0.));
#2221=CARTESIAN_POINT('',(-0.0156334080994113,-0.0121997722102768,0.));
#2222=CARTESIAN_POINT('',(-0.0156334080994113,-0.0137110369484651,0.));
#2223=CARTESIAN_POINT('',(-0.0156334080994113,0.055303386095466,0.));
#2224=CARTESIAN_POINT('',(-0.0156334080994113,0.0537921213572777,0.));
#2225=CARTESIAN_POINT('',(-0.112633408099411,0.055303386095466,0.));
#2226=CARTESIAN_POINT('',(-0.112633408099411,0.0537921213572777,0.));
#2227=CARTESIAN_POINT('',(-0.112633408099411,-0.0121997722102768,0.));
#2228=CARTESIAN_POINT('',(-0.112633408099411,-0.0137110369484651,0.));
#2229=CARTESIAN_POINT('',(-0.0291334080994119,0.0707889417172263,0.011137258300203));
#2230=CARTESIAN_POINT('',(-0.0291334080994119,-0.0504855748831794,0.011137258300203));
#2231=CARTESIAN_POINT('',(-0.171133408099412,0.0686516834170233,0.0115));
#2232=CARTESIAN_POINT('',(-0.171133408099412,0.0686516834170233,0.0115));
#2233=CARTESIAN_POINT('',(-0.171133408099412,0.0676516834170233,0.0115));
#2234=CARTESIAN_POINT('',(-0.171133408099412,0.0676516834170233,0.0115));
#2235=CARTESIAN_POINT('',(-0.171133408099412,0.0686516834170233,0.013));
#2236=CARTESIAN_POINT('',(-0.171133408099412,0.0676516834170233,0.013));
#2237=CARTESIAN_POINT('',(-0.171133408099412,0.0676516834170233,0.013));
#2238=CARTESIAN_POINT('',(-0.171133408099412,0.0686516834170233,0.013));
#2239=CARTESIAN_POINT('',(-0.171133408099412,0.0676516834170233,0.01225));
#2240=CARTESIAN_POINT('',(-0.171133408099412,0.0676516834170233,0.01225));
#2241=CARTESIAN_POINT('',(-0.171133408099412,0.0101516834170234,0.0075));
#2242=CARTESIAN_POINT('',(-0.171133408099412,-0.0483483165829765,0.0115));
#2243=CARTESIAN_POINT('',(-0.171133408099412,-0.0473483165829765,0.0115));
#2244=CARTESIAN_POINT('',(-0.171133408099412,-0.0473483165829765,0.0115));
#2245=CARTESIAN_POINT('',(-0.171133408099412,-0.0483483165829765,0.0115));
#2246=CARTESIAN_POINT('',(-0.171133408099412,-0.0473483165829765,0.01225));
#2247=CARTESIAN_POINT('',(-0.171133408099412,-0.0473483165829765,0.013));
#2248=CARTESIAN_POINT('',(-0.171133408099412,-0.0473483165829765,0.013));
#2249=CARTESIAN_POINT('',(-0.171133408099412,-0.0473483165829765,0.01225));
#2250=CARTESIAN_POINT('',(-0.171133408099412,-0.0483483165829765,0.013));
#2251=CARTESIAN_POINT('',(-0.171133408099412,-0.0483483165829765,0.013));
#2252=CARTESIAN_POINT('',(-0.171133408099412,0.0101516834170234,0.0075));
#2253=CARTESIAN_POINT('',(-0.0641334080994113,-0.0241154543734884,-0.00268208940939459));
#2254=CARTESIAN_POINT('',(-0.109133408099411,-0.0241154543734884,-0.00268208940939459));
#2255=CARTESIAN_POINT('',(-0.109133408099411,-0.0241154543734884,-0.00268208940939459));
#2256=CARTESIAN_POINT('',(-0.0641334080994113,-0.0241154543734884,-0.00268208940939459));
#2257=CARTESIAN_POINT('',(-0.109133408099411,0.0205491224503711,-0.00816620986262623));
#2258=CARTESIAN_POINT('',(-0.109133408099411,0.0201835144201556,-0.0111438483175502));
#2259=CARTESIAN_POINT('',(-0.109133408099411,0.0499598989693953,-0.0147999286197046));
#2260=CARTESIAN_POINT('',(-0.109133408099411,0.0569077220308846,-0.0156530140235407));
#2261=CARTESIAN_POINT('',(-0.109133408099411,0.0569077220308846,-0.0156530140235407));
#2262=CARTESIAN_POINT('',(-0.109133408099411,0.0652136992742306,-0.0136503303158578));
#2263=CARTESIAN_POINT('',(-0.109133408099411,0.0652136992742306,-0.0136503303158578));
#2264=CARTESIAN_POINT('',(-0.109133408099411,0.0205491224503711,-0.00816620986262623));
#2265=CARTESIAN_POINT('',(-0.109133408099411,-0.0165406931905733,-0.00663468261155974));
#2266=CARTESIAN_POINT('',(-0.109133408099411,-0.0165406931905733,-0.00663468261155974));
#2267=CARTESIAN_POINT('',(-0.109133408099411,0.0201835144201556,-0.0111438483175502));
#2268=CARTESIAN_POINT('',(-0.109133408099411,-0.009592870129084,-0.00748776801539577));
#2269=CARTESIAN_POINT('',(-0.109133408099411,-0.009592870129084,-0.00748776801539577));
#2270=CARTESIAN_POINT('',(-0.109133408099411,0.0499598989693953,-0.0147999286197046));
#2271=CARTESIAN_POINT('',(-0.0641334080994113,0.0652136992742306,-0.0136503303158578));
#2272=CARTESIAN_POINT('',(-0.0641334080994113,0.0652136992742306,-0.0136503303158578));
#2273=CARTESIAN_POINT('',(-0.0291334080994113,0.010639160790644,-0.00694941957167202));
#2274=CARTESIAN_POINT('',(-0.103295176983326,-0.0186663597126797,-0.00335115410464035));
#2275=CARTESIAN_POINT('',(-0.103295176983326,-0.0155439459004812,-0.00373453831352831));
#2276=CARTESIAN_POINT('',(-0.0156334080994113,0.0534338105001399,-0.0152264713216226));
#2277=CARTESIAN_POINT('',(-0.0156334080994113,0.0499598989693953,-0.0147999286197046));
#2278=CARTESIAN_POINT('',(-0.0156334080994113,0.0499598989693953,-0.0147999286197046));
#2279=CARTESIAN_POINT('',(-0.0156334080994113,0.0534338105001399,-0.0152264713216226));
#2280=CARTESIAN_POINT('',(-0.0156334080994113,0.0569077220308846,-0.0156530140235407));
#2281=CARTESIAN_POINT('',(-0.0156334080994113,0.0569077220308846,-0.0156530140235407));
#2282=CARTESIAN_POINT('',(-0.0173834080994113,0.0499598989693953,-0.0147999286197046));
#2283=CARTESIAN_POINT('',(-0.0173834080994113,0.0499598989693953,-0.0147999286197046));
#2284=CARTESIAN_POINT('',(-0.0173834080994113,0.0569077220308846,-0.0156530140235407));
#2285=CARTESIAN_POINT('',(-0.0173834080994113,0.0569077220308846,-0.0156530140235407));
#2286=CARTESIAN_POINT('',(-0.0291334080994113,0.0102735527604286,-0.00992705802659598));
#2287=CARTESIAN_POINT('',(-0.0156334080994113,0.0534338105001399,-0.0152264713216226));
#2288=CARTESIAN_POINT('',(-0.0156334080994113,0.0549226297276019,-0.0154092753367303));
#2289=CARTESIAN_POINT('',(-0.0156334080994113,-0.0130667816598286,-0.00706122531347775));
#2290=CARTESIAN_POINT('',(-0.0156334080994113,-0.0165406931905733,-0.00663468261155974));
#2291=CARTESIAN_POINT('',(-0.0156334080994113,-0.0165406931905733,-0.00663468261155974));
#2292=CARTESIAN_POINT('',(-0.0156334080994113,-0.0130667816598286,-0.00706122531347775));
#2293=CARTESIAN_POINT('',(-0.0156334080994113,-0.00959287012908401,-0.00748776801539577));
#2294=CARTESIAN_POINT('',(-0.0156334080994113,-0.00959287012908401,-0.00748776801539577));
#2295=CARTESIAN_POINT('',(-0.0173834080994113,-0.0165406931905733,-0.00663468261155974));
#2296=CARTESIAN_POINT('',(-0.0173834080994113,-0.0165406931905733,-0.00663468261155974));
#2297=CARTESIAN_POINT('',(-0.0173834080994113,-0.00959287012908401,-0.00748776801539577));
#2298=CARTESIAN_POINT('',(-0.0173834080994113,-0.00959287012908401,-0.00748776801539577));
#2299=CARTESIAN_POINT('',(-0.0291334080994113,0.0102735527604286,-0.00992705802659598));
#2300=CARTESIAN_POINT('',(-0.0156334080994113,-0.0130667816598286,-0.00706122531347775));
#2301=CARTESIAN_POINT('',(-0.0156334080994113,-0.0115779624323667,-0.00724402932858547));
#2302=CARTESIAN_POINT('',(-0.110883408099411,-0.0165406931905733,-0.00663468261155974));
#2303=CARTESIAN_POINT('',(-0.112633408099411,-0.0165406931905733,-0.00663468261155974));
#2304=CARTESIAN_POINT('',(-0.112633408099411,-0.0165406931905733,-0.00663468261155974));
#2305=CARTESIAN_POINT('',(-0.110883408099411,-0.0165406931905733,-0.00663468261155974));
#2306=CARTESIAN_POINT('',(-0.112633408099411,-0.0130667816598286,-0.00706122531347775));
#2307=CARTESIAN_POINT('',(-0.112633408099411,-0.00959287012908401,-0.00748776801539577));
#2308=CARTESIAN_POINT('',(-0.112633408099411,-0.00959287012908401,-0.00748776801539577));
#2309=CARTESIAN_POINT('',(-0.112633408099411,-0.0130667816598286,-0.00706122531347775));
#2310=CARTESIAN_POINT('',(-0.110883408099411,-0.00959287012908401,-0.00748776801539577));
#2311=CARTESIAN_POINT('',(-0.110883408099411,-0.00959287012908401,-0.00748776801539577));
#2312=CARTESIAN_POINT('',(-0.0291334080994113,0.0102735527604286,-0.00992705802659598));
#2313=CARTESIAN_POINT('',(-0.112633408099411,-0.0130667816598286,-0.00706122531347775));
#2314=CARTESIAN_POINT('',(-0.112633408099411,-0.0115779624323667,-0.00724402932858547));
#2315=CARTESIAN_POINT('',(-0.110883408099411,0.0569077220308846,-0.0156530140235407));
#2316=CARTESIAN_POINT('',(-0.110883408099411,0.0569077220308846,-0.0156530140235407));
#2317=CARTESIAN_POINT('',(-0.112633408099411,0.0569077220308846,-0.0156530140235407));
#2318=CARTESIAN_POINT('',(-0.112633408099411,0.0569077220308846,-0.0156530140235407));
#2319=CARTESIAN_POINT('',(-0.110883408099411,0.0499598989693953,-0.0147999286197046));
#2320=CARTESIAN_POINT('',(-0.112633408099411,0.0499598989693953,-0.0147999286197046));
#2321=CARTESIAN_POINT('',(-0.112633408099411,0.0499598989693953,-0.0147999286197046));
#2322=CARTESIAN_POINT('',(-0.110883408099411,0.0499598989693953,-0.0147999286197046));
#2323=CARTESIAN_POINT('',(-0.112633408099411,0.0534338105001399,-0.0152264713216226));
#2324=CARTESIAN_POINT('',(-0.112633408099411,0.0534338105001399,-0.0152264713216226));
#2325=CARTESIAN_POINT('',(-0.0291334080994113,0.0102735527604286,-0.00992705802659598));
#2326=CARTESIAN_POINT('',(-0.112633408099411,0.0534338105001399,-0.0152264713216226));
#2327=CARTESIAN_POINT('',(-0.112633408099411,0.0549226297276019,-0.0154092753367303));
#2328=CARTESIAN_POINT('',(-0.112633408099411,0.0557127672218162,0.00333414171407009));
#2329=CARTESIAN_POINT('',(-0.112633408099411,-0.0107878249381524,0.011499387722215));
#2330=CARTESIAN_POINT('',(-0.0156334080994113,-0.0107878249381524,0.011499387722215));
#2331=CARTESIAN_POINT('',(-0.0156334080994113,0.0557127672218162,0.00333414171407009));
#2332=CARTESIAN_POINT('',(-0.103295176983326,-0.0176670310967574,0.00478772433881848));
#2333=CARTESIAN_POINT('',(-0.0291334080994119,-0.0527771027756083,-0.00160990744860237));
#2334=CARTESIAN_POINT('',(0.149295378093221,-0.0527771027756083,-0.00160990744860237));
#2335=CARTESIAN_POINT('',(-0.207562194292045,-0.0527771027756083,-0.00160990744860237));
#2336=CARTESIAN_POINT('',(-0.207562194292045,0.00938520338447737,-0.0092424789151804));
#2337=CARTESIAN_POINT('',(-0.207562194292045,0.0730804696096552,-0.0170632742102324));
#2338=CARTESIAN_POINT('',(0.149295378093221,0.0103431662120765,-0.00936010196032847));
#2339=CARTESIAN_POINT('',(0.149295378093221,0.0730804696096552,-0.0170632742102324));
#2340=CARTESIAN_POINT('',(-0.209133408099411,0.0730804696096552,-0.0170632742102324));
#2341=CARTESIAN_POINT('',(0.142066591900589,0.0124836991351165,0.00318602468630124));
#2342=CARTESIAN_POINT('',(0.142066591900589,0.0124836991351165,0.00173749654887738));
#2343=CARTESIAN_POINT('',(0.142066591900589,0.0139322272725403,0.00318602468630124));
#2344=CARTESIAN_POINT('',(0.142066591900589,0.0139322272725403,0.00483823248016545));
#2345=CARTESIAN_POINT('',(0.142066591900589,0.0139322272725403,0.00538896841145352));
#2346=CARTESIAN_POINT('',(0.142066591900589,0.0124836991351165,0.00538896841145352));
#2347=CARTESIAN_POINT('',(0.142066591900589,0.0124836991351165,0.00683749654887738));
#2348=CARTESIAN_POINT('',(0.142066591900589,0.000432227272540332,0.00683749654887738));
#2349=CARTESIAN_POINT('',(0.142066591900589,-0.0116192445900358,0.00683749654887738));
#2350=CARTESIAN_POINT('',(0.142066591900589,-0.0116192445900358,0.00538896841145352));
#2351=CARTESIAN_POINT('',(0.142066591900589,-0.0130677727274597,0.00538896841145352));
#2352=CARTESIAN_POINT('',(0.142066591900589,-0.0130677727274597,0.00483823248016545));
#2353=CARTESIAN_POINT('',(0.142066591900589,-0.0130677727274597,0.00318602468630124));
#2354=CARTESIAN_POINT('',(0.142066591900589,-0.0116192445900358,0.00318602468630124));
#2355=CARTESIAN_POINT('',(0.142066591900589,-0.0116192445900358,0.00173749654887738));
#2356=CARTESIAN_POINT('',(0.142066591900589,0.000432227272540332,0.00173749654887738));
#2357=CARTESIAN_POINT('',(0.142066591900589,-0.0145677727274597,0.00428749654887738));
#2358=CARTESIAN_POINT('',(0.142066591900589,0.0154322272725403,0.00428749654887738));
#2359=CARTESIAN_POINT('',(0.147866591900589,-0.0409341030206032,0.01));
#2360=CARTESIAN_POINT('',(0.147866591900589,-0.0509341030206032,0.01));
#2361=CARTESIAN_POINT('',(0.147866591900589,-0.0509341030206032,0.01));
#2362=CARTESIAN_POINT('',(0.147866591900589,-0.0409341030206032,0.01));
#2363=CARTESIAN_POINT('',(0.147866591900589,-0.0309341030206032,0.01));
#2364=CARTESIAN_POINT('',(0.147866591900589,-0.0309341030206032,0.01));
#2365=CARTESIAN_POINT('',(0.147866591900589,-0.0509341030206032,0.005));
#2366=CARTESIAN_POINT('',(0.147866591900589,-0.0509341030206032,3.13158024932379E-18));
#2367=CARTESIAN_POINT('',(0.147866591900589,-0.0509341030206032,3.13158024932379E-18));
#2368=CARTESIAN_POINT('',(0.147866591900589,-0.0509341030206032,0.005));
#2369=CARTESIAN_POINT('',(0.147866591900589,-0.0409341030206032,4.96855044804482E-18));
#2370=CARTESIAN_POINT('',(0.147866591900589,-0.0309341030206032,6.93889390390723E-18));
#2371=CARTESIAN_POINT('',(0.147866591900589,-0.0309341030206032,6.93889390390723E-18));
#2372=CARTESIAN_POINT('',(0.147866591900589,-0.0409341030206032,4.96855044804482E-18));
#2373=CARTESIAN_POINT('',(0.147866591900589,-0.0309341030206032,0.005));
#2374=CARTESIAN_POINT('',(0.147866591900589,-0.0309341030206032,0.005));
#2375=CARTESIAN_POINT('',(0.147866591900589,-0.0322509378740314,0.005));
#2376=CARTESIAN_POINT('',(0.147866591900589,0.0712374698546501,0.005));
#2377=CARTESIAN_POINT('',(0.147866591900589,0.0712374698546501,0.01));
#2378=CARTESIAN_POINT('',(0.147866591900589,0.0712374698546501,0.01));
#2379=CARTESIAN_POINT('',(0.147866591900589,0.0712374698546501,0.005));
#2380=CARTESIAN_POINT('',(0.147866591900589,0.0712374698546501,0.));
#2381=CARTESIAN_POINT('',(0.147866591900589,0.0712374698546501,0.));
#2382=CARTESIAN_POINT('',(0.147866591900589,0.0612374698546501,0.01));
#2383=CARTESIAN_POINT('',(0.147866591900589,0.0512374698546501,0.01));
#2384=CARTESIAN_POINT('',(0.147866591900589,0.0512374698546501,0.01));
#2385=CARTESIAN_POINT('',(0.147866591900589,0.0612374698546501,0.01));
#2386=CARTESIAN_POINT('',(0.147866591900589,0.0512374698546501,0.005));
#2387=CARTESIAN_POINT('',(0.147866591900589,0.0512374698546501,0.));
#2388=CARTESIAN_POINT('',(0.147866591900589,0.0512374698546501,0.));
#2389=CARTESIAN_POINT('',(0.147866591900589,0.0512374698546501,0.005));
#2390=CARTESIAN_POINT('',(0.147866591900589,0.0612374698546501,0.));
#2391=CARTESIAN_POINT('',(0.147866591900589,0.0612374698546501,0.));
#2392=CARTESIAN_POINT('',(0.147866591900589,0.0101516834170234,-0.00112737850264275));
#2393=CARTESIAN_POINT('',(0.135866591900589,0.0101516834170234,0.013));
#2394=CARTESIAN_POINT('',(-0.0166334080994119,0.0656516834170233,0.013));
#2395=CARTESIAN_POINT('',(-0.169133408099413,0.0656516834170233,0.013));
#2396=CARTESIAN_POINT('',(-0.169133408099413,0.0656516834170233,0.013));
#2397=CARTESIAN_POINT('',(-0.169133408099413,0.0656516834170233,0.014));
#2398=CARTESIAN_POINT('',(-0.169133408099413,0.0656516834170233,0.014));
#2399=CARTESIAN_POINT('',(-0.0291334080994119,0.0656516834170233,0.0075));
#2400=MECHANICAL_DESIGN_GEOMETRIC_PRESENTATION_REPRESENTATION('',(#1463),#2401);
#2401=(
GEOMETRIC_REPRESENTATION_CONTEXT(3)
GLOBAL_UNCERTAINTY_ASSIGNED_CONTEXT((#2402))
GLOBAL_UNIT_ASSIGNED_CONTEXT((#2405,#2404,#2403))
REPRESENTATION_CONTEXT('Part 1','TOP_LEVEL_ASSEMBLY_PART')
);
#2402=UNCERTAINTY_MEASURE_WITH_UNIT(LENGTH_MEASURE(1.E-08),#2405,'DISTANCE_ACCURACY_VALUE','Maximum Tolerance applied to model');
#2403=(
NAMED_UNIT(*)
SI_UNIT($,.STERADIAN.)
SOLID_ANGLE_UNIT()
);
#2404=(
NAMED_UNIT(*)
PLANE_ANGLE_UNIT()
SI_UNIT($,.RADIAN.)
);
#2405=(
LENGTH_UNIT()
NAMED_UNIT(*)
SI_UNIT($,.METRE.)
);
#2406=PRODUCT_DEFINITION_SHAPE('','',#2407);
#2407=PRODUCT_DEFINITION('','',#2409,#2408);
#2408=PRODUCT_DEFINITION_CONTEXT('',#2415,'design');
#2409=PRODUCT_DEFINITION_FORMATION_WITH_SPECIFIED_SOURCE('','',#2411,.NOT_KNOWN.);
#2410=PRODUCT_RELATED_PRODUCT_CATEGORY('','',(#2411));
#2411=PRODUCT('Part 1','Part 1','Part 1',(#2413));
#2412=PRODUCT_CATEGORY('','');
#2413=PRODUCT_CONTEXT('',#2415,'mechanical');
#2414=APPLICATION_PROTOCOL_DEFINITION('international standard','ap242_managed_model_based_3d_engineering',2020,#2415);
#2415=APPLICATION_CONTEXT('managed model based 3d engineering');
ENDSEC;
END-ISO-10303-21;
